box_id,scenario,display_scenario,clip,design_braking_m_s2,n_participants,n_valid_ratings,n_assigned_rating_opportunities,n_no_operation,n_distinct_design_events,mean,q1,median,q3,iqr,lower_fence,upper_fence,whisker_low,whisker_high,n_fliers
HB_braking_-2_clip_1,B3,HB,1,-2,1772,2869,2894,25,9,3.0169300225733635,1.0,2.5,4.0,3.0,-3.5,8.5,1,8.5,25
HB_braking_-5_clip_1,B3,HB,1,-5,1764,2861,2887,26,9,3.0136054421768703,1.0,2.5,4.0,3.0,-3.5,8.5,1,8.5,24
HB_braking_-8_clip_1,B3,HB,1,-8,1776,2850,2875,25,9,3.007132132132132,1.0,2.3333333333333335,4.0625,3.0625,-3.59375,8.65625,1,8.5,30
HB_braking_-2_clip_2,B3,HB,2,-2,1773,2873,2894,21,9,3.095882684715172,1.0,3.0,4.333333333333333,3.333333333333333,-4.0,9.333333333333332,1,9.0,5
HB_braking_-5_clip_2,B3,HB,2,-5,1764,2863,2887,24,9,3.0915532879818595,1.0,2.5,4.333333333333333,3.333333333333333,-4.0,9.333333333333332,1,9.0,5
HB_braking_-8_clip_2,B3,HB,2,-8,1783,2856,2875,19,9,3.0767433165077587,1.0,2.5,4.333333333333333,3.333333333333333,-4.0,9.333333333333332,1,9.0,9
HB_braking_-2_clip_3,B3,HB,3,-2,1778,2881,2894,13,9,3.896325459317586,2.0,3.5,5.25,3.25,-2.875,10.125,1,10.0,0
HB_braking_-5_clip_3,B3,HB,3,-5,1771,2877,2887,10,9,4.197157914549219,2.0,4.0,6.0,4.0,-4.0,12.0,1,10.0,0
HB_braking_-8_clip_3,B3,HB,3,-8,1787,2869,2875,6,9,5.342240253684015,3.5,5.0,7.0,3.5,-1.75,12.25,1,10.0,0
HB_braking_-2_clip_4,B3,HB,4,-2,1773,2874,2894,20,9,2.486886632825719,1.0,2.0,3.0,2.0,-2.0,6.0,1,6.0,54
HB_braking_-5_clip_4,B3,HB,4,-5,1752,2846,2887,41,9,2.2310692541856927,1.0,2.0,3.0,2.0,-2.0,6.0,1,6.0,34
HB_braking_-8_clip_4,B3,HB,4,-8,1778,2848,2875,27,9,2.3272403449568806,1.0,2.0,3.0,2.0,-2.0,6.0,1,6.0,42
HB_braking_-2_clip_5,B3,HB,5,-2,1764,2849,2894,45,9,1.817696523053666,1.0,1.0,2.0,1.0,-0.5,3.5,1,3.5,176
HB_braking_-5_clip_5,B3,HB,5,-5,1749,2840,2887,47,9,1.746998284734134,1.0,1.0,2.0,1.0,-0.5,3.5,1,3.5,141
HB_braking_-8_clip_5,B3,HB,5,-8,1770,2835,2875,40,9,1.822316384180791,1.0,1.0,2.0,1.0,-0.5,3.5,1,3.5,163
