scenario,display_scenario,factor,level,level_label,level_order,unit,clip,n_participants,mean,sd,q1,median,q3,whisker_low,whisker_high,n_fliers,row_key
B1,LC,lateral_behaviour,1m/s,"Normal, 1 m/s",1,category,1,1536,3.0958658854166665,2.0456607542521867,1.0,2.5,4.541666666666667,1.0,9.5,3,LC|lateral_behaviour|1m/s|1
B1,LC,lateral_behaviour,1m/s,"Normal, 1 m/s",1,category,2,1539,3.5966536712150745,2.1188484296083043,2.0,3.0,5.0,1.0,9.0,5,LC|lateral_behaviour|1m/s|2
B1,LC,lateral_behaviour,1m/s,"Normal, 1 m/s",1,category,3,1540,3.570346320346321,2.116354715963712,2.0,3.0,5.0,1.0,9.5,4,LC|lateral_behaviour|1m/s|3
B1,LC,lateral_behaviour,1m/s,"Normal, 1 m/s",1,category,4,1543,4.555627565348888,2.383405253280853,3.0,4.0,6.0,1.0,10.0,0,LC|lateral_behaviour|1m/s|4
B1,LC,lateral_behaviour,1m/s,"Normal, 1 m/s",1,category,5,1540,3.618777056277057,2.1221757131533514,2.0,3.0,5.0,1.0,9.5,4,LC|lateral_behaviour|1m/s|5
B1,LC,lateral_behaviour,1m/s,"Normal, 1 m/s",1,category,6,1530,2.21421568627451,1.5509520783539594,1.0,2.0,3.0,1.0,6.0,39,LC|lateral_behaviour|1m/s|6
B1,LC,lateral_behaviour,3m/s,"Normal, 3 m/s",2,category,1,1514,3.080636283575517,2.019366530027884,1.0,2.583333333333333,4.5,1.0,9.0,1,LC|lateral_behaviour|3m/s|1
B1,LC,lateral_behaviour,3m/s,"Normal, 3 m/s",2,category,2,1519,3.622010094360325,2.1613370171828925,2.0,3.0,5.0,1.0,9.0,3,LC|lateral_behaviour|3m/s|2
B1,LC,lateral_behaviour,3m/s,"Normal, 3 m/s",2,category,3,1520,3.5255482456140355,2.115842618257735,2.0,3.0,5.0,1.0,9.5,2,LC|lateral_behaviour|3m/s|3
B1,LC,lateral_behaviour,3m/s,"Normal, 3 m/s",2,category,4,1524,5.368930446194226,2.431558328218157,3.4583333333333335,5.0,7.0,1.0,10.0,0,LC|lateral_behaviour|3m/s|4
B1,LC,lateral_behaviour,3m/s,"Normal, 3 m/s",2,category,5,1521,3.3051172474249397,1.9948153565643445,2.0,3.0,4.5,1.0,8.0,17,LC|lateral_behaviour|3m/s|5
B1,LC,lateral_behaviour,3m/s,"Normal, 3 m/s",2,category,6,1506,1.9852810978308983,1.418219488464882,1.0,1.0,2.5,1.0,4.75,92,LC|lateral_behaviour|3m/s|6
B1,LC,lateral_behaviour,Fragmented,Fragmented,3,category,1,1495,3.006465997770346,2.001018862489958,1.0,2.0,4.0,1.0,8.5,13,LC|lateral_behaviour|Fragmented|1
B1,LC,lateral_behaviour,Fragmented,Fragmented,3,category,2,1502,3.5360075454948956,2.128564700520424,2.0,3.0,5.0,1.0,9.5,2,LC|lateral_behaviour|Fragmented|2
B1,LC,lateral_behaviour,Fragmented,Fragmented,3,category,3,1502,3.4704837993786057,2.118624656985393,2.0,3.0,5.0,1.0,9.5,2,LC|lateral_behaviour|Fragmented|3
B1,LC,lateral_behaviour,Fragmented,Fragmented,3,category,4,1506,4.517153607791059,2.2491910163094353,3.0,4.333333333333333,6.0,1.0,10.0,0,LC|lateral_behaviour|Fragmented|4
B1,LC,lateral_behaviour,Fragmented,Fragmented,3,category,5,1503,4.182745619871368,2.327001869344284,2.0,4.0,6.0,1.0,10.0,0,LC|lateral_behaviour|Fragmented|5
B1,LC,lateral_behaviour,Fragmented,Fragmented,3,category,6,1501,3.2985232067510553,2.097919040170339,1.5,3.0,5.0,1.0,10.0,0,LC|lateral_behaviour|Fragmented|6
B1,LC,lateral_behaviour,Abortion,Aborted,4,category,1,1522,3.1339794130530008,2.0592469437094585,1.0,3.0,5.0,1.0,10.0,0,LC|lateral_behaviour|Abortion|1
B1,LC,lateral_behaviour,Abortion,Aborted,4,category,2,1530,3.6536492374727674,2.1592287203869915,2.0,3.0,5.0,1.0,9.5,5,LC|lateral_behaviour|Abortion|2
B1,LC,lateral_behaviour,Abortion,Aborted,4,category,3,1531,3.5789244502503808,2.1398273921042024,2.0,3.0,5.0,1.0,9.333333333333334,4,LC|lateral_behaviour|Abortion|3
B1,LC,lateral_behaviour,Abortion,Aborted,4,category,4,1533,4.5813763861709065,2.26170595688189,3.0,4.5,6.0,1.0,10.0,0,LC|lateral_behaviour|Abortion|4
B1,LC,lateral_behaviour,Abortion,Aborted,4,category,5,1530,3.6826797385620913,2.077233828715946,2.0,3.5,5.0,1.0,9.5,2,LC|lateral_behaviour|Abortion|5
B1,LC,lateral_behaviour,Abortion,Aborted,4,category,6,1515,2.491144114411441,1.7466548337213004,1.0,2.0,3.5,1.0,7.0,24,LC|lateral_behaviour|Abortion|6
B1,LC,acc_style,cautious,Cautious,1,category,1,1797,3.048738638471527,2.0021316014516515,1.0,2.5,4.5,1.0,9.0,3,LC|acc_style|cautious|1
B1,LC,acc_style,cautious,Cautious,1,category,2,1801,3.567416250231353,2.1106361803874383,2.0,3.0,5.0,1.0,9.0,5,LC|acc_style|cautious|2
B1,LC,acc_style,cautious,Cautious,1,category,3,1805,3.497460757156048,2.084716211489811,2.0,3.0,5.0,1.0,9.5,3,LC|acc_style|cautious|3
B1,LC,acc_style,cautious,Cautious,1,category,4,1806,4.433324104835733,2.1958199537367404,3.0,4.0,6.0,1.0,10.0,0,LC|acc_style|cautious|4
B1,LC,acc_style,cautious,Cautious,1,category,5,1801,3.3297704978715523,1.9445076457387735,2.0,3.0,4.5,1.0,8.0,25,LC|acc_style|cautious|5
B1,LC,acc_style,cautious,Cautious,1,category,6,1791,2.3053694397915505,1.6241735285483268,1.0,2.0,3.0,1.0,6.0,59,LC|acc_style|cautious|6
B1,LC,acc_style,mild,Mild,2,category,1,1778,3.0779902512185973,2.0146119166402414,1.0,2.5,4.5,1.0,9.666666666666666,1,LC|acc_style|mild|1
B1,LC,acc_style,mild,Mild,2,category,2,1783,3.613011777902411,2.1170603770978556,2.0,3.0,5.0,1.0,9.0,4,LC|acc_style|mild|2
B1,LC,acc_style,mild,Mild,2,category,3,1783,3.5574873808188445,2.1136952241007325,2.0,3.0,5.0,1.0,9.5,4,LC|acc_style|mild|3
B1,LC,acc_style,mild,Mild,2,category,4,1785,4.905882352941177,2.2796815161334356,3.0,5.0,6.5,1.0,10.0,0,LC|acc_style|mild|4
B1,LC,acc_style,mild,Mild,2,category,5,1785,3.5647058823529414,2.006183425792156,2.0,3.0,5.0,1.0,9.5,1,LC|acc_style|mild|5
B1,LC,acc_style,mild,Mild,2,category,6,1775,2.4296244131455405,1.6887918454286932,1.0,2.0,3.0,1.0,6.0,71,LC|acc_style|mild|6
B1,LC,acc_style,aggressive,Aggressive,3,category,1,1790,3.0536778398510243,2.024746667520373,1.0,2.5,4.5,1.0,9.5,3,LC|acc_style|aggressive|1
B1,LC,acc_style,aggressive,Aggressive,3,category,2,1796,3.586024498886414,2.1439258403527215,2.0,3.0,5.0,1.0,9.0,10,LC|acc_style|aggressive|2
B1,LC,acc_style,aggressive,Aggressive,3,category,3,1797,3.515025041736227,2.1112161424818168,2.0,3.0,5.0,1.0,9.5,2,LC|acc_style|aggressive|3
B1,LC,acc_style,aggressive,Aggressive,3,category,4,1801,4.84800111049417,2.3568337103036052,3.0,5.0,6.5,1.0,10.0,0,LC|acc_style|aggressive|4
B1,LC,acc_style,aggressive,Aggressive,3,category,5,1798,4.113505747126437,2.207804823923697,2.0,4.0,5.666666666666667,1.0,10.0,0,LC|acc_style|aggressive|5
B1,LC,acc_style,aggressive,Aggressive,3,category,6,1787,2.726170490580116,1.8252145530786552,1.0,2.0,4.0,1.0,8.5,14,LC|acc_style|aggressive|6
B1,LC,design_distance,5,5,1,m,1,2042,3.084067907280444,2.008589672450985,1.0,2.5,4.5,1.0,9.5,3,LC|design_distance|5|1
B1,LC,design_distance,5,5,1,m,2,2048,3.579996744791667,2.125743000333941,2.0,3.0,5.0,1.0,9.5,6,LC|design_distance|5|2
B1,LC,design_distance,5,5,1,m,3,2050,3.5065447154471547,2.0925089590234993,2.0,3.0,5.0,1.0,9.5,3,LC|design_distance|5|3
B1,LC,design_distance,5,5,1,m,4,2057,5.947496353913467,2.102622652757218,4.5,6.0,7.5,1.0,10.0,0,LC|design_distance|5|4
B1,LC,design_distance,5,5,1,m,5,2057,4.214349376114082,2.0832097315893963,2.6666666666666665,4.0,5.666666666666667,1.0,10.0,0,LC|design_distance|5|5
B1,LC,design_distance,5,5,1,m,6,2044,2.580683300717547,1.6809602177159957,1.0,2.0,3.5,1.0,7.0,34,LC|design_distance|5|6
B1,LC,design_distance,15,15,2,m,1,2043,3.070117474302496,1.998357260740106,1.0,2.5,4.5,1.0,9.333333333333334,3,LC|design_distance|15|1
B1,LC,design_distance,15,15,2,m,2,2050,3.6063414634146342,2.1003023976395188,2.0,3.0,5.0,1.0,9.333333333333334,5,LC|design_distance|15|2
B1,LC,design_distance,15,15,2,m,3,2051,3.552535348610434,2.1090669708596272,2.0,3.0,5.0,1.0,9.5,5,LC|design_distance|15|3
B1,LC,design_distance,15,15,2,m,4,2049,3.464738897022938,1.9311578401884193,2.0,3.0,4.75,1.0,8.666666666666666,14,LC|design_distance|15|4
B1,LC,design_distance,15,15,2,m,5,2048,3.1090901692708335,1.8466079411007896,1.5,3.0,4.0,1.0,7.75,39,LC|design_distance|15|5
B1,LC,design_distance,15,15,2,m,6,2037,2.3936344297169043,1.613044777547708,1.0,2.0,3.0,1.0,6.0,65,LC|design_distance|15|6
B2,SVM,design_speed,80,80,1,km/h,1,1754,1.7328487267198784,1.171144769786447,1.0,1.0,2.0,1.0,3.5,140,SVM|design_speed|80|1
B2,SVM,design_speed,80,80,1,km/h,2,1759,1.8648379761227971,1.2841830822797808,1.0,1.0,2.0,1.0,3.5,180,SVM|design_speed|80|2
B2,SVM,design_speed,80,80,1,km/h,3,1780,2.8833333333333337,1.7088730256152294,1.5,2.5,4.0,1.0,7.5,23,SVM|design_speed|80|3
B2,SVM,design_speed,80,80,1,km/h,4,1782,3.4949027310138416,2.04880171887505,2.0,3.0,5.0,1.0,9.0,9,SVM|design_speed|80|4
B2,SVM,design_speed,80,80,1,km/h,5,1771,1.9433935629587804,1.2750162004849313,1.0,1.5,2.5,1.0,4.666666666666667,86,SVM|design_speed|80|5
B2,SVM,design_speed,100,100,2,km/h,1,1743,1.8406483075157771,1.298785779979854,1.0,1.0,2.0,1.0,3.5,178,SVM|design_speed|100|1
B2,SVM,design_speed,100,100,2,km/h,2,1738,1.7942079018028383,1.2753582819189346,1.0,1.0,2.0,1.0,3.5,168,SVM|design_speed|100|2
B2,SVM,design_speed,100,100,2,km/h,3,1755,2.6866096866096867,1.7883035126151958,1.0,2.0,3.5,1.0,7.0,34,SVM|design_speed|100|3
B2,SVM,design_speed,100,100,2,km/h,4,1763,3.983125354509359,2.224105762839867,2.0,4.0,5.5,1.0,10.0,0,SVM|design_speed|100|4
B2,SVM,design_speed,100,100,2,km/h,5,1748,2.086432112890923,1.3232671064642785,1.0,2.0,3.0,1.0,6.0,21,SVM|design_speed|100|5
B2,SVM,design_speed,120,120,3,km/h,1,1755,2.219420702754036,1.624199657685823,1.0,1.5,3.0,1.0,6.0,62,SVM|design_speed|120|1
B2,SVM,design_speed,120,120,3,km/h,2,1759,2.1792211483797614,1.5506464189393092,1.0,1.5,3.0,1.0,6.0,45,SVM|design_speed|120|2
B2,SVM,design_speed,120,120,3,km/h,3,1769,3.214622197098172,1.978330651445224,1.6666666666666667,3.0,4.333333333333333,1.0,8.0,28,SVM|design_speed|120|3
B2,SVM,design_speed,120,120,3,km/h,4,1774,4.562617437053739,2.378139691784211,2.6666666666666665,4.5,6.0,1.0,10.0,0,SVM|design_speed|120|4
B2,SVM,design_speed,120,120,3,km/h,5,1760,2.022774621212122,1.3715556501594406,1.0,1.5,2.6666666666666665,1.0,5.0,64,SVM|design_speed|120|5
B2,SVM,design_braking,-2,-2,1,m/s2,1,1749,1.8902229845626073,1.3309130234755056,1.0,1.0,2.0,1.0,3.5,192,SVM|design_braking|-2|1
B2,SVM,design_braking,-2,-2,1,m/s2,2,1744,1.91532874617737,1.3123491429765617,1.0,1.3333333333333333,2.3333333333333335,1.0,4.333333333333333,117,SVM|design_braking|-2|2
B2,SVM,design_braking,-2,-2,1,m/s2,3,1763,2.8602760446209117,1.7738960370868746,1.3333333333333333,2.5,4.0,1.0,8.0,10,SVM|design_braking|-2|3
B2,SVM,design_braking,-2,-2,1,m/s2,4,1767,3.453027730616865,2.060007762497741,2.0,3.0,5.0,1.0,9.0,10,SVM|design_braking|-2|4
B2,SVM,design_braking,-2,-2,1,m/s2,5,1754,2.066039528696314,1.3620174420368605,1.0,1.5833333333333337,3.0,1.0,6.0,25,SVM|design_braking|-2|5
B2,SVM,design_braking,-5,-5,2,m/s2,1,1757,1.9474008726996772,1.39701606870517,1.0,1.0,2.5,1.0,4.5,105,SVM|design_braking|-5|1
B2,SVM,design_braking,-5,-5,2,m/s2,2,1757,1.9515272244355908,1.3540173971238758,1.0,1.3333333333333333,2.5,1.0,4.666666666666667,109,SVM|design_braking|-5|2
B2,SVM,design_braking,-5,-5,2,m/s2,3,1773,2.9831735288588077,1.8388121345030457,1.5,2.5,4.0,1.0,7.5,38,SVM|design_braking|-5|3
B2,SVM,design_braking,-5,-5,2,m/s2,4,1779,3.726250702641934,2.115265691523587,2.0,3.3333333333333335,5.0,1.0,9.5,8,SVM|design_braking|-5|4
B2,SVM,design_braking,-5,-5,2,m/s2,5,1769,1.9478047861315244,1.2820213705118868,1.0,1.5,2.5,1.0,4.666666666666667,81,SVM|design_braking|-5|5
B2,SVM,design_braking,-8,-8,3,m/s2,1,1760,1.929308712121212,1.355918507069754,1.0,1.0,2.5,1.0,4.75,104,SVM|design_braking|-8|1
B2,SVM,design_braking,-8,-8,3,m/s2,2,1760,1.9401041666666667,1.3584569560736763,1.0,1.3333333333333333,2.5,1.0,4.75,104,SVM|design_braking|-8|2
B2,SVM,design_braking,-8,-8,3,m/s2,3,1773,2.8937300244406847,1.7690275759987957,1.5,2.5,4.0,1.0,7.5,29,SVM|design_braking|-8|3
B2,SVM,design_braking,-8,-8,3,m/s2,4,1780,4.800187265917604,2.317509035968799,3.0,5.0,6.5,1.0,10.0,0,SVM|design_braking|-8|4
B2,SVM,design_braking,-8,-8,3,m/s2,5,1768,2.0125848416289593,1.2760162489122675,1.0,1.5,2.5,1.0,4.75,89,SVM|design_braking|-8|5
B2,SVM,design_distance,5,5,1,m,1,1768,2.483267345399698,1.641509482700811,1.0,2.0,3.0625,1.0,6.0,57,SVM|design_distance|5|1
B2,SVM,design_distance,5,5,1,m,2,1764,2.5192743764172336,1.6557755712114883,1.0,2.0,3.3333333333333335,1.0,6.666666666666667,48,SVM|design_distance|5|2
B2,SVM,design_distance,5,5,1,m,3,1784,4.203288490284006,2.1312990740360767,2.5,4.0,6.0,1.0,10.0,0,SVM|design_distance|5|3
B2,SVM,design_distance,5,5,1,m,4,1782,5.17831088664422,2.421134394259,3.0,5.0,7.0,1.0,10.0,0,SVM|design_distance|5|4
B2,SVM,design_distance,5,5,1,m,5,1769,2.1318541548897683,1.3787631366236357,1.0,2.0,3.0,1.0,6.0,24,SVM|design_distance|5|5
B2,SVM,design_distance,15,15,2,m,1,1766,1.666949792374481,1.1842562793659877,1.0,1.0,2.0,1.0,3.5,131,SVM|design_distance|15|1
B2,SVM,design_distance,15,15,2,m,2,1768,1.6727469834087485,1.1711410475101849,1.0,1.0,2.0,1.0,3.5,125,SVM|design_distance|15|2
B2,SVM,design_distance,15,15,2,m,3,1781,2.264832491109863,1.3843986709406673,1.0,2.0,3.0,1.0,6.0,20,SVM|design_distance|15|3
B2,SVM,design_distance,15,15,2,m,4,1787,3.4590561462413727,1.9743347241803728,2.0,3.0,5.0,1.0,9.0,3,SVM|design_distance|15|4
B2,SVM,design_distance,15,15,2,m,5,1779,1.922990444069702,1.2668634331396351,1.0,1.5,2.3333333333333335,1.0,4.333333333333333,105,SVM|design_distance|15|5
B2,SVM,design_distance,25,25,3,m,1,1751,1.6080335046640015,1.1224922089964582,1.0,1.0,2.0,1.0,3.5,125,SVM|design_distance|25|1
B2,SVM,design_distance,25,25,3,m,2,1755,1.6267331433998102,1.094734307835015,1.0,1.0,2.0,1.0,3.5,122,SVM|design_distance|25|2
B2,SVM,design_distance,25,25,3,m,3,1767,2.289285040558385,1.403325119097484,1.0,2.0,3.0,1.0,6.0,25,SVM|design_distance|25|3
B2,SVM,design_distance,25,25,3,m,4,1780,3.381320224719101,1.9935592465813696,2.0,3.0,5.0,1.0,9.0,3,SVM|design_distance|25|4
B2,SVM,design_distance,25,25,3,m,5,1767,1.9890115072627803,1.3004302377975785,1.0,1.5,2.5,1.0,4.666666666666667,92,SVM|design_distance|25|5
B3,HB,design_speed,80,80,1,km/h,1,1774,2.858981585869974,1.9302194526693583,1.0,2.0,4.0,1.0,8.5,15,HB|design_speed|80|1
B3,HB,design_speed,80,80,1,km/h,2,1776,2.891657282282282,1.9617997389831423,1.0,2.3333333333333335,4.0,1.0,8.5,18,HB|design_speed|80|2
B3,HB,design_speed,80,80,1,km/h,3,1781,3.815927381620813,2.1363902159421966,2.0,3.5,5.0,1.0,9.5,19,HB|design_speed|80|3
B3,HB,design_speed,80,80,1,km/h,4,1767,2.055083946425203,1.345987317454151,1.0,1.5,2.6666666666666665,1.0,5.0,62,HB|design_speed|80|4
B3,HB,design_speed,80,80,1,km/h,5,1758,1.6825464543041333,1.1302120270841067,1.0,1.0,2.0,1.0,3.5,128,HB|design_speed|80|5
B3,HB,design_speed,100,100,2,km/h,1,1786,2.9706047032474805,2.0799045281167534,1.0,2.0,4.0,1.0,8.5,27,HB|design_speed|100|1
B3,HB,design_speed,100,100,2,km/h,2,1788,3.101649888143177,2.0906285432835814,1.0,2.5,4.5,1.0,9.0,5,HB|design_speed|100|2
B3,HB,design_speed,100,100,2,km/h,3,1793,4.602063580591188,2.346676760997993,3.0,4.5,6.333333333333333,1.0,10.0,0,HB|design_speed|100|3
B3,HB,design_speed,100,100,2,km/h,4,1783,2.3633856795662744,1.5455868401309278,1.0,2.0,3.0,1.0,6.0,51,HB|design_speed|100|4
B3,HB,design_speed,100,100,2,km/h,5,1773,1.8097386726828353,1.2352907212194395,1.0,1.0,2.0,1.0,3.5,169,HB|design_speed|100|5
B3,HB,design_speed,120,120,3,km/h,1,1771,3.1916525503482025,2.1832317923488227,1.0,3.0,4.5,1.0,9.0,4,HB|design_speed|120|1
B3,HB,design_speed,120,120,3,km/h,2,1771,3.260681347637869,2.2038760439530503,1.0,3.0,5.0,1.0,10.0,0,HB|design_speed|120|2
B3,HB,design_speed,120,120,3,km/h,3,1777,4.986165822547364,2.4150125291664524,3.0,5.0,7.0,1.0,10.0,0,HB|design_speed|120|3
B3,HB,design_speed,120,120,3,km/h,4,1771,2.6037078863165815,1.6373470201906573,1.0,2.0,3.5,1.0,7.0,21,HB|design_speed|120|4
B3,HB,design_speed,120,120,3,km/h,5,1763,1.8624031007751936,1.282344899697922,1.0,1.0,2.0,1.0,3.5,188,HB|design_speed|120|5
B3,HB,design_braking,-2,-2,1,m/s2,1,1772,3.0169300225733635,2.024528502965625,1.0,2.5,4.0,1.0,8.5,25,HB|design_braking|-2|1
B3,HB,design_braking,-2,-2,1,m/s2,2,1773,3.095882684715172,2.0338467892767707,1.0,3.0,4.333333333333333,1.0,9.0,5,HB|design_braking|-2|2
B3,HB,design_braking,-2,-2,1,m/s2,3,1778,3.896325459317586,2.185736017777875,2.0,3.5,5.25,1.0,10.0,0,HB|design_braking|-2|3
B3,HB,design_braking,-2,-2,1,m/s2,4,1773,2.486886632825719,1.5798632031451467,1.0,2.0,3.0,1.0,6.0,54,HB|design_braking|-2|4
B3,HB,design_braking,-2,-2,1,m/s2,5,1764,1.817696523053666,1.1989806983156102,1.0,1.0,2.0,1.0,3.5,176,HB|design_braking|-2|5
B3,HB,design_braking,-5,-5,2,m/s2,1,1764,3.0136054421768708,2.076506094076687,1.0,2.5,4.0,1.0,8.5,24,HB|design_braking|-5|1
B3,HB,design_braking,-5,-5,2,m/s2,2,1764,3.0915532879818595,2.1070477087647244,1.0,2.5,4.333333333333333,1.0,9.0,5,HB|design_braking|-5|2
B3,HB,design_braking,-5,-5,2,m/s2,3,1771,4.197157914549218,2.2805185098554697,2.0,4.0,6.0,1.0,10.0,0,HB|design_braking|-5|3
B3,HB,design_braking,-5,-5,2,m/s2,4,1752,2.2310692541856927,1.4598036382936683,1.0,2.0,3.0,1.0,6.0,34,HB|design_braking|-5|4
B3,HB,design_braking,-5,-5,2,m/s2,5,1749,1.746998284734134,1.1788428476715362,1.0,1.0,2.0,1.0,3.5,141,HB|design_braking|-5|5
B3,HB,design_braking,-8,-8,3,m/s2,1,1776,3.0071321321321323,2.08448042691686,1.0,2.3333333333333335,4.0625,1.0,8.5,30,HB|design_braking|-8|1
B3,HB,design_braking,-8,-8,3,m/s2,2,1783,3.0767433165077587,2.095352394924924,1.0,2.5,4.333333333333333,1.0,9.0,9,HB|design_braking|-8|2
B3,HB,design_braking,-8,-8,3,m/s2,3,1787,5.342240253684014,2.335660621267927,3.5,5.0,7.0,1.0,10.0,0,HB|design_braking|-8|3
B3,HB,design_braking,-8,-8,3,m/s2,4,1778,2.32724034495688,1.515373931590424,1.0,2.0,3.0,1.0,6.0,42,HB|design_braking|-8|4
B3,HB,design_braking,-8,-8,3,m/s2,5,1770,1.822316384180791,1.2457532035860646,1.0,1.0,2.0,1.0,3.5,163,HB|design_braking|-8|5
B3,HB,design_distance,5,5,1,m,1,1799,5.145775430794886,2.3361968106774316,3.0,5.0,7.0,1.0,10.0,0,HB|design_distance|5|1
B3,HB,design_distance,5,5,1,m,2,1799,5.244811932555124,2.347111766078237,3.3333333333333335,5.0,7.0,1.0,10.0,0,HB|design_distance|5|2
B3,HB,design_distance,5,5,1,m,3,1801,6.24898204701092,2.3329180609797273,4.5,6.5,8.0,1.0,10.0,0,HB|design_distance|5|3
B3,HB,design_distance,5,5,1,m,4,1790,2.876489757914339,1.7703418255330603,1.3333333333333333,2.5,4.0,1.0,8.0,7,HB|design_distance|5|4
B3,HB,design_distance,5,5,1,m,5,1779,1.9350290425332584,1.321678804394511,1.0,1.0,2.5,1.0,4.666666666666667,103,HB|design_distance|5|5
B3,HB,design_distance,15,15,2,m,1,1779,2.265270751358441,1.5011221753600317,1.0,2.0,3.0,1.0,6.0,36,HB|design_distance|15|1
B3,HB,design_distance,15,15,2,m,2,1778,2.347628421447319,1.5262540675405405,1.0,2.0,3.0,1.0,6.0,37,HB|design_distance|15|2
B3,HB,design_distance,15,15,2,m,3,1792,3.788783482142857,1.9974779515375924,2.0,3.5,5.0,1.0,9.0,2,HB|design_distance|15|3
B3,HB,design_distance,15,15,2,m,4,1781,2.182060640089837,1.405241748544107,1.0,2.0,3.0,1.0,6.0,27,HB|design_distance|15|4
B3,HB,design_distance,15,15,2,m,5,1774,1.7496242014280348,1.1898693909262028,1.0,1.0,2.0,1.0,3.5,143,HB|design_distance|15|5
B3,HB,design_distance,25,25,3,m,1,1767,1.6978871910960198,1.1317129181940535,1.0,1.0,2.0,1.0,3.5,131,HB|design_distance|25|1
B3,HB,design_distance,25,25,3,m,2,1770,1.7463276836158192,1.1431596419816252,1.0,1.0,2.0,1.0,3.5,130,HB|design_distance|25|2
B3,HB,design_distance,25,25,3,m,3,1780,3.403604868913858,2.0103443111827213,2.0,3.0,4.75,1.0,8.5,30,HB|design_distance|25|3
B3,HB,design_distance,25,25,3,m,4,1769,1.997503297531562,1.317763858676734,1.0,1.5,2.5,1.0,4.666666666666667,93,HB|design_distance|25|4
B3,HB,design_distance,25,25,3,m,5,1761,1.691037289418891,1.1243481373779989,1.0,1.0,2.0,1.0,3.5,125,HB|design_distance|25|5
B4,MB,design_speed,80,80,1,km/h,1,1798,1.7426770485724878,1.2962821149261894,1.0,1.0,2.0,1.0,3.5,155,MB|design_speed|80|1
B4,MB,design_speed,80,80,1,km/h,2,1815,2.802112029384757,1.785952287954269,1.0,2.3333333333333335,4.0,1.0,8.5,14,MB|design_speed|80|2
B4,MB,design_speed,80,80,1,km/h,3,1824,4.771427266081871,2.416960946504742,3.0,4.5,6.5,1.0,10.0,0,MB|design_speed|80|3
B4,MB,design_speed,80,80,1,km/h,4,1807,2.41832687695997,1.613136864471456,1.0,2.0,3.0,1.0,6.0,54,MB|design_speed|80|4
B4,MB,design_speed,80,80,1,km/h,5,1803,1.7012386762802734,1.1516087366660996,1.0,1.0,2.0,1.0,3.5,136,MB|design_speed|80|5
B4,MB,design_speed,100,100,2,km/h,1,1794,1.5171869193608325,1.021219546281657,1.0,1.0,2.0,1.0,3.5,96,MB|design_speed|100|1
B4,MB,design_speed,100,100,2,km/h,2,1810,2.856998158379374,1.7589937923699497,1.0625,2.5,4.0,1.0,8.0,11,MB|design_speed|100|2
B4,MB,design_speed,100,100,2,km/h,3,1819,4.919186366135239,2.277777221851832,3.0,5.0,6.5,1.0,10.0,0,MB|design_speed|100|3
B4,MB,design_speed,100,100,2,km/h,4,1806,2.3446843853820596,1.5278028797357466,1.0,2.0,3.0,1.0,6.0,47,MB|design_speed|100|4
B4,MB,design_speed,100,100,2,km/h,5,1788,1.566181953765846,1.0640698670270796,1.0,1.0,2.0,1.0,3.5,102,MB|design_speed|100|5
B4,MB,design_speed,120,120,3,km/h,1,1792,1.5913783482142858,1.060287774899246,1.0,1.0,2.0,1.0,3.5,114,MB|design_speed|120|1
B4,MB,design_speed,120,120,3,km/h,2,1809,2.8361894232541,1.7826851300356477,1.0,2.5,4.0,1.0,8.5,11,MB|design_speed|120|2
B4,MB,design_speed,120,120,3,km/h,3,1813,4.994714101856959,2.3601145790096267,3.0,5.0,7.0,1.0,10.0,0,MB|design_speed|120|3
B4,MB,design_speed,120,120,3,km/h,4,1798,2.725852799406748,1.7664832974167757,1.0,2.0,4.0,1.0,8.0,11,MB|design_speed|120|4
B4,MB,design_speed,120,120,3,km/h,5,1792,1.8054780505952384,1.2204392485662805,1.0,1.0,2.0,1.0,3.5,152,MB|design_speed|120|5
B4,MB,design_braking,-2,-2,1,m/s2,1,1760,1.6110321969696972,1.113952565398161,1.0,1.0,2.0,1.0,3.5,120,MB|design_braking|-2|1
B4,MB,design_braking,-2,-2,1,m/s2,2,1776,2.8403716216216215,1.7445077363259975,1.4583333333333333,2.5,4.0,1.0,7.5,29,MB|design_braking|-2|2
B4,MB,design_braking,-2,-2,1,m/s2,3,1779,4.496393104740491,2.2719712736803848,3.0,4.0,6.0,1.0,10.0,0,MB|design_braking|-2|3
B4,MB,design_braking,-2,-2,1,m/s2,4,1769,2.573723384209534,1.6575880124342766,1.0,2.0,3.5,1.0,7.0,28,MB|design_braking|-2|4
B4,MB,design_braking,-2,-2,1,m/s2,5,1758,1.7367747440273038,1.1815036213482684,1.0,1.0,2.0,1.0,3.5,127,MB|design_braking|-2|5
B4,MB,design_braking,-5,-5,2,m/s2,1,1776,1.64428490990991,1.1572032127182872,1.0,1.0,2.0,1.0,3.5,115,MB|design_braking|-5|1
B4,MB,design_braking,-5,-5,2,m/s2,2,1792,2.8609095982142856,1.7899572839503135,1.3333333333333333,2.5,4.0,1.0,8.0,15,MB|design_braking|-5|2
B4,MB,design_braking,-5,-5,2,m/s2,3,1801,4.773412918748843,2.3104013974025017,3.0,4.5,6.5,1.0,10.0,0,MB|design_braking|-5|3
B4,MB,design_braking,-5,-5,2,m/s2,4,1785,2.532306255835667,1.6451594011623962,1.0,2.0,3.3333333333333335,1.0,6.666666666666667,53,MB|design_braking|-5|4
B4,MB,design_braking,-5,-5,2,m/s2,5,1782,1.6733539094650205,1.1395123444400206,1.0,1.0,2.0,1.0,3.5,121,MB|design_braking|-5|5
B4,MB,design_braking,-8,-8,3,m/s2,1,1762,1.615020809685963,1.0949309909259466,1.0,1.0,2.0,1.0,3.5,116,MB|design_braking|-8|1
B4,MB,design_braking,-8,-8,3,m/s2,2,1776,2.8098254504504503,1.7291703242317875,1.0,2.5,4.0,1.0,8.5,12,MB|design_braking|-8|2
B4,MB,design_braking,-8,-8,3,m/s2,3,1781,5.434212988957514,2.3412703104234662,4.0,5.5,7.0,1.0,10.0,0,MB|design_braking|-8|3
B4,MB,design_braking,-8,-8,3,m/s2,4,1770,2.3839924670433144,1.5499982895192082,1.0,2.0,3.0,1.0,6.0,38,MB|design_braking|-8|4
B4,MB,design_braking,-8,-8,3,m/s2,5,1756,1.6727885345482156,1.111363082805188,1.0,1.0,2.0,1.0,3.5,118,MB|design_braking|-8|5
B4,MB,design_distance,5,5,1,m,1,1754,1.483561383504371,0.9986873929212436,1.0,1.0,1.6666666666666667,1.0,2.6666666666666665,177,MB|design_distance|5|1
B4,MB,design_distance,5,5,1,m,2,1780,3.926123595505618,2.069760995545672,2.0,4.0,5.0,1.0,9.5,6,MB|design_distance|5|2
B4,MB,design_distance,5,5,1,m,3,1790,7.178351955307263,2.088410808994393,6.0,7.5,9.0,1.5,10.0,10,MB|design_distance|5|3
B4,MB,design_distance,5,5,1,m,4,1774,3.4011649755730926,1.9307212669380585,2.0,3.0,5.0,1.0,9.0,1,MB|design_distance|5|4
B4,MB,design_distance,5,5,1,m,5,1761,1.896744274086693,1.2967068575931964,1.0,1.0,2.3333333333333335,1.0,4.0,102,MB|design_distance|5|5
B4,MB,design_distance,15,15,2,m,1,1744,1.599149464831804,1.1254822994654856,1.0,1.0,2.0,1.0,3.5,109,MB|design_distance|15|1
B4,MB,design_distance,15,15,2,m,2,1767,2.4685436710054702,1.5232371598962582,1.0,2.0,3.0,1.0,6.0,41,MB|design_distance|15|2
B4,MB,design_distance,15,15,2,m,3,1774,4.022453964674934,1.9215182187703472,2.5,4.0,5.0,1.0,8.666666666666666,19,MB|design_distance|15|3
B4,MB,design_distance,15,15,2,m,4,1758,2.0498672734167616,1.315890451305784,1.0,1.6666666666666667,3.0,1.0,6.0,21,MB|design_distance|15|4
B4,MB,design_distance,15,15,2,m,5,1752,1.588232496194825,1.0337270130518503,1.0,1.0,2.0,1.0,3.5,94,MB|design_distance|15|5
B4,MB,design_distance,25,25,3,m,1,1757,1.7931606905710489,1.2837396143342756,1.0,1.0,2.0,1.0,3.5,170,MB|design_distance|25|1
B4,MB,design_distance,25,25,3,m,2,1767,2.1866157328805884,1.4288163671619298,1.0,2.0,3.0,1.0,6.0,35,MB|design_distance|25|2
B4,MB,design_distance,25,25,3,m,3,1779,3.438542252201611,1.8654517843448637,2.0,3.0,4.583333333333334,1.0,8.0,16,MB|design_distance|25|3
B4,MB,design_distance,25,25,3,m,4,1763,2.036490830024579,1.377825392803581,1.0,1.5,2.708333333333333,1.0,5.0,59,MB|design_distance|25|4
B4,MB,design_distance,25,25,3,m,5,1749,1.5709453020773776,1.0408546593720491,1.0,1.0,2.0,1.0,3.5,95,MB|design_distance|25|5
