protocol,model,n,n_participants,rmse,mae,r2,within_participant_rho,r2_ci_low,r2_ci_high,rmse_ci_low,rmse_ci_high,mae_ci_low,mae_ci_high
participant_5fold,Training event/block mean,34566,2164,1.38897186747489,1.083479177018024,0.2295893767348701,0.617016411453699,0.2162353171998605,0.2417761109665104,1.3569354160115563,1.4207787566964274,1.0615262623418955,1.1042208978899977
participant_5fold,Training mean,34566,2164,1.5827810453498834,1.2786939906945074,-0.0004077443894603,,-0.0016057186495969,-0.0001283941299702,1.55212419294992,1.6117933510964944,1.2572764265115417,1.2991565522639636
participant_5fold,Ridge,34566,2164,1.387713083297049,1.0820402981029866,0.2309851447614255,0.616500510312086,0.2131644400116187,0.2464961249335684,1.3580967727675184,1.417551495054859,1.060008679887916,1.104138047429667
participant_5fold,LightGBM,34566,2164,1.3941504207819762,1.093965492549569,0.2238339688944244,0.5974751361524613,0.2096673102179075,0.2381951897887136,1.363637440798089,1.4240973160328527,1.0735073911425612,1.114067740369124
leave_country_out,Training event/block mean,34566,2164,1.395524325574144,1.0894336347598774,0.2223034257622372,0.614481085987286,0.2088156770759514,0.2344095120315306,1.363936971615945,1.427099675156994,1.067825510143961,1.1102001679580538
leave_country_out,Training mean,34566,2164,1.5869752079221535,1.2826411050226036,-0.0057166681822837,,-0.007496962311923,-0.0044659189824826,1.5568784304875662,1.616054211398298,1.2613200160607592,1.3029687630092233
leave_country_out,Ridge,34566,2164,1.388165292355534,1.0837800403721414,0.2304838709048229,0.6142965043000403,0.2149756351532476,0.2451949850705316,1.357353281664999,1.4188990025685493,1.062971666355665,1.105995816357441
leave_country_out,LightGBM,34566,2164,1.3966071937945097,1.1005965565562206,0.2210960377953789,0.5950123225155213,0.2069958510749584,0.2344786253519927,1.3658393093553869,1.425017572107061,1.0802944769875482,1.121227646373712
event_group_5fold,Training event/block mean,34566,2164,1.5487523205999525,1.2450149318696724,0.0421460294319898,0.2241359187515174,0.0358845355127709,0.0474825226804487,1.5188639447000496,1.5774310030119365,1.223328307611281,1.2644880638208813
event_group_5fold,Training mean,34566,2164,1.5849890551135195,1.2808478277747548,-0.003200867051085,-0.085868223315952,-0.0044618697820799,-0.0029100914214763,1.5545552650221572,1.613863422209865,1.2593579428315458,1.301080593154497
event_group_5fold,Ridge,34566,2164,1.5115782497093535,1.2115156166155991,0.0875761434706338,0.2225556509179576,0.0746752222016155,0.0993801725465817,1.4852817408273833,1.5381149700640988,1.192848479192837,1.230690043805497
event_group_5fold,LightGBM,34566,2164,1.4636499853344238,1.1266259989721144,0.1445200624367304,0.172163185577346,0.1316925781487125,0.1571876752108807,1.4358778500797973,1.4901479964139406,1.1064869689642425,1.145177477710711
participant_5fold,Ridge identity only,34566,2164,1.388970241602462,1.0834931821578546,0.2295911803547802,0.6170332264148854,0.2162398032227752,0.2417776515642152,1.3569314768555114,1.420776696615183,1.0615401300019451,1.1042359216328816
participant_5fold,LightGBM identity only,34566,2164,1.3931886026490354,1.092243649445255,0.2249045464127744,0.6076468747079424,0.212657134208328,0.236071322600824,1.3618155005093613,1.4244683299613228,1.0701081340899004,1.113126981991971
leave_country_out,Ridge identity only,34566,2164,1.3955215344950398,1.089446454542328,0.2223065365793647,0.6144776622644601,0.2088197818693394,0.2344093077119856,1.3639347976132448,1.4270960278704448,1.067838023871578,1.1102096279395108
leave_country_out,LightGBM identity only,34566,2164,1.399409008886012,1.09792074460375,0.2179676936905101,0.6050903022593006,0.2057472439599206,0.2289652952348931,1.3680199807731774,1.4310170813753933,1.0760324506320096,1.118819340628909
event_group_5fold,Ridge identity only,34566,2164,1.5485946491858391,1.2453056310224162,0.0423410489976113,0.2232961410964416,0.0364939959340706,0.0474106236544097,1.5185941846841453,1.5773726006095024,1.2236261392060903,1.2648214756690244
event_group_5fold,LightGBM identity only,34566,2164,1.5658012993939756,1.2205865190224328,0.0209414557077483,0.1957339986756823,0.0119156143743795,0.029465245887114,1.5312866327755863,1.597625080818737,1.1965184621262224,1.242297442973252
crossed_participant_event_5x5,Training event/block mean,34566,2164,1.5491680757530957,1.2452793504021755,0.0416316977719051,0.2236116524323189,0.035354110787364,0.0470908169539471,1.5192275398564987,1.578005552621646,1.223624894406472,1.264735190032093
crossed_participant_event_5x5,Training mean,34566,2164,1.5852462688318554,1.2809666645879654,-0.0035264944889292,-0.084467567065262,-0.0047303422565091,-0.0031180882781798,1.5547367792586733,1.613907795398139,1.259359618268577,1.3014653756074668
crossed_participant_event_5x5,Ridge,34566,2164,1.5413360508344889,1.235046357005405,0.0512975188555049,0.2267449389334689,0.0388465883575713,0.0627084460433303,1.514466579329366,1.567852676923703,1.2150060404129408,1.2552503403019803
crossed_participant_event_5x5,Ridge identity only,34566,2164,1.549011065565894,1.2455824148879928,0.0418259516602335,0.2241532437901474,0.0359440469852324,0.0469304902828962,1.5190193360352362,1.577846379116801,1.2239407624930183,1.2650541264391808
crossed_participant_event_5x5,LightGBM,34566,2164,1.5471267730894316,1.2077542843593492,0.0441556729302231,0.1918056187418197,0.0331733175144644,0.053999800272078,1.5148653021478151,1.5777228079698205,1.1853698215651518,1.2289509177535238
crossed_participant_event_5x5,LightGBM identity only,34566,2164,1.5662455365586263,1.2211234294881412,0.0203858349019503,0.19483597169555,0.0112430674300186,0.0287152370323214,1.5316674458363189,1.598221851513222,1.1972422910054128,1.242878679828555
