,mean_lat_z,mean_long_z,excursion_lat_z,excursion_long_z,late_lat_z,late_long_z,mean_risk_z,excursion_z,late_change_z
mean_lat_z,1,0.628287,-0.0682665,0.15849,-0.326038,-0.182296,0.853637,0.103066,-0.265488
mean_long_z,0.628287,1,0.0398511,0.212488,-0.0860698,-0.252231,0.941547,0.187448,-0.243268
excursion_lat_z,-0.0682665,0.0398511,1,0.337499,-0.425398,-0.307803,-0.00287654,0.646898,-0.406106
excursion_long_z,0.15849,0.212488,0.337499,1,-0.196517,-0.855504,0.21083,0.93575,-0.792261
late_lat_z,-0.326038,-0.0860698,-0.425398,-0.196517,1,0.291396,-0.198848,-0.317066,0.586204
late_long_z,-0.182296,-0.252231,-0.307803,-0.855504,0.291396,1,-0.24775,-0.808815,0.945488
mean_risk_z,0.853637,0.941547,-0.00287654,0.21083,-0.198848,-0.24775,1,0.170082,-0.277821
excursion_z,0.103066,0.187448,0.646898,0.93575,-0.317066,-0.808815,0.170082,1,-0.793965
late_change_z,-0.265488,-0.243268,-0.406106,-0.792261,0.586204,0.945488,-0.277821,-0.793965,1
