category,n,proportion,ci_low,ci_high,n_participants,bootstrap_draws,seed
acc_down_lks_up,273,0.12615526802218113,0.11320471349353051,0.14048059149722736,2164,2000,20261009
acc_up_lks_down,80,0.036968576709796676,0.029574861367837338,0.044824399260628464,2164,2000,20261009
both_up,477,0.22042513863216265,0.20286506469500923,0.23845887245841027,2164,2000,20261009
both_down,381,0.17606284658040666,0.16081330868761554,0.19223659889094269,2164,2000,20261009
acc_zero_lks_nonzero,330,0.15249537892791126,0.1377079482439926,0.16821857670979659,2164,2000,20261009
lks_zero_acc_nonzero,332,0.15341959334565619,0.13815850277264324,0.16913123844731978,2164,2000,20261009
both_zero,291,0.13447319778188541,0.12059842883548984,0.14926062846580407,2164,2000,20261009
opposite_direction_any,353,0.16312384473197783,0.14833641404805914,0.17837338262476896,2164,2000,20261009
same_direction_any,858,0.39648798521256934,0.374757393715342,0.41683225508317923,2164,2000,20261009
acc_changed,1543,0.7130314232902033,0.69453558225508316,0.73197781885397417,2164,2000,20261009
lks_changed,1541,0.71210720887245837,0.69361136783733823,0.73105360443622924,2164,2000,20261009
either_changed,1873,0.86552680221811462,0.85073937153419599,0.87940157116451012,2164,2000,20261009
