term,estimate,se_HC1,ci_low,ci_high,p_two_sided_normal,role,n,outcome,q_BH_family6
Intercept,1.5321507284416993,0.41170652199694696,0.72522077312743571,2.339080683755963,0.00019807162446486629,adjustment,2145,D=(LKSpost-LKSpre)-(ACCpost-ACCpre),
C(gender)[T.Male],-0.21676975760969561,0.08092013550749072,-0.37537030882847822,-0.058169206390912997,0.0073884061215342975,adjustment,2145,D=(LKSpost-LKSpre)-(ACCpost-ACCpre),
C(gender)[T.Missing],0.13656921979973985,0.42822656745209015,-0.70273942962956903,0.97587786922904862,0.74978858934584491,adjustment,2145,D=(LKSpost-LKSpre)-(ACCpost-ACCpre),
C(country)[T.Belgium],-0.69120847257348739,0.46540044868784802,-1.6033765903904511,0.22095964524347622,0.13749328391953539,adjustment,2145,D=(LKSpost-LKSpre)-(ACCpost-ACCpre),
C(country)[T.Czech Republic],-1.1590578456612666,0.49792191881969633,-2.134966873660948,-0.18314881766158519,0.019923237892456199,adjustment,2145,D=(LKSpost-LKSpre)-(ACCpost-ACCpre),
C(country)[T.Denmark],-0.88600742872053206,2.1355617044589366,-5.0716314562230185,3.2996165987819541,0.67822783566252043,adjustment,2145,D=(LKSpost-LKSpre)-(ACCpost-ACCpre),
C(country)[T.Estonia],-0.76000211976600474,0.47786877936733935,-1.6966077166621072,0.17660347713009761,0.11174485274366756,adjustment,2145,D=(LKSpost-LKSpre)-(ACCpost-ACCpre),
C(country)[T.Finland],-0.6485309108422771,0.75849859002001641,-2.1351608296059212,0.83809900792136716,0.39254047979038653,adjustment,2145,D=(LKSpost-LKSpre)-(ACCpost-ACCpre),
C(country)[T.France],-0.71193442709174337,0.46347770717143932,-1.620334040784966,0.19646518660147927,0.12452109383766173,adjustment,2145,D=(LKSpost-LKSpre)-(ACCpost-ACCpre),
C(country)[T.Gambia],-2.3008313179541595,0.37119903909170199,-3.0283680656697709,-1.5732945702385481,5.7048624128670546e-10,adjustment,2145,D=(LKSpost-LKSpre)-(ACCpost-ACCpre),
C(country)[T.Germany],-0.36226098610925256,0.38526419319672517,-1.1173649293077152,0.39284295708921008,0.34706760585544383,adjustment,2145,D=(LKSpost-LKSpre)-(ACCpost-ACCpre),
C(country)[T.Greece],-0.70014559039081359,0.36825808431148949,-1.4219181726570476,0.021626991875420498,0.05727108521666744,adjustment,2145,D=(LKSpost-LKSpre)-(ACCpost-ACCpre),
C(country)[T.Grenada],-1.781986802102663,0.37062023736743127,-2.508389119284514,-1.0555844849208118,1.5235584002957341e-06,adjustment,2145,D=(LKSpost-LKSpre)-(ACCpost-ACCpre),
C(country)[T.Hungary],-0.78054922744934174,0.40003238759145182,-1.5645982997781549,0.0034998448794714143,0.051031465759800693,adjustment,2145,D=(LKSpost-LKSpre)-(ACCpost-ACCpre),
C(country)[T.Iceland],1.3802581174910282,0.95555083085354831,-0.49258709637925158,3.253103331361308,0.14860869275244379,adjustment,2145,D=(LKSpost-LKSpre)-(ACCpost-ACCpre),
C(country)[T.India],-1.1160485892972363,0.38857987822282636,-1.8776511557309359,-0.35444602286353655,0.0040772628513851533,adjustment,2145,D=(LKSpost-LKSpre)-(ACCpost-ACCpre),
C(country)[T.Italy],-0.87338165440819671,0.34715378224779397,-1.5537905647107333,-0.19297274410566012,0.011875074446120116,adjustment,2145,D=(LKSpost-LKSpre)-(ACCpost-ACCpre),
C(country)[T.Latvia],-0.93135467329866795,0.41759840998491782,-1.7498325168702986,-0.11287682972703728,0.025729925926903083,adjustment,2145,D=(LKSpost-LKSpre)-(ACCpost-ACCpre),
C(country)[T.Netherlands],-0.53114926468384605,0.4045267406385577,-1.3240071071187947,0.26170857775110257,0.18917823832579983,adjustment,2145,D=(LKSpost-LKSpre)-(ACCpost-ACCpre),
C(country)[T.Norway],-0.83377625592145466,0.51465538975425462,-1.8424822842892179,0.1749297724463087,0.1052178674930774,adjustment,2145,D=(LKSpost-LKSpre)-(ACCpost-ACCpre),
C(country)[T.Poland],-0.68207700984201092,0.34557857761605221,-1.3593985757980529,-0.0047554438859689352,0.048413043361459157,adjustment,2145,D=(LKSpost-LKSpre)-(ACCpost-ACCpre),
C(country)[T.Portugal],-0.81493167354748874,0.34189053298078703,-1.4850248048450347,-0.14483854224994264,0.017144035205199762,adjustment,2145,D=(LKSpost-LKSpre)-(ACCpost-ACCpre),
C(country)[T.Qatar],-0.054148614926596207,0.54738626337186225,-1.1270059767674028,1.0187087469142104,0.92120009814416259,adjustment,2145,D=(LKSpost-LKSpre)-(ACCpost-ACCpre),
C(country)[T.Slovenia],-0.20326297665690329,0.57092403988823559,-1.3222535327459544,0.91572757943214766,0.7218221769620099,adjustment,2145,D=(LKSpost-LKSpre)-(ACCpost-ACCpre),
C(country)[T.South Korea],-0.9990232612437806,0.49353252651979024,-1.9663292384216287,-0.03171728406593266,0.042946509882855075,adjustment,2145,D=(LKSpost-LKSpre)-(ACCpost-ACCpre),
C(country)[T.Spain],-0.39556281845913832,0.36532116960024452,-1.1115791536656663,0.32045351674738976,0.27890564440480903,adjustment,2145,D=(LKSpost-LKSpre)-(ACCpost-ACCpre),
C(country)[T.Sweden],-0.799719446727018,0.46388043729984502,-1.7089083969674048,0.10946950351336893,0.084711901138035867,adjustment,2145,D=(LKSpost-LKSpre)-(ACCpost-ACCpre),
C(country)[T.Switzerland],0.1180205204285231,0.62381731552573516,-1.1046389509343768,1.3406799917914232,0.84994324853133962,adjustment,2145,D=(LKSpost-LKSpre)-(ACCpost-ACCpre),
C(country)[T.Ukraine],2.6686909017100207,0.36217921548545079,1.9588326834095657,3.3785491200104758,1.7265377489367009e-13,adjustment,2145,D=(LKSpost-LKSpre)-(ACCpost-ACCpre),
C(country)[T.United Kingdom of Great Britain and Northern Ireland],-0.81728204533591364,0.39018025540320156,-1.5820212934048286,-0.052542797266998731,0.036204175095029753,adjustment,2145,D=(LKSpost-LKSpre)-(ACCpost-ACCpre),
C(country)[T.United States of America],-1.8480974789082845,0.41358921750557132,-2.6587174496133072,-1.0374775082032617,7.8793107136661528e-06,adjustment,2145,D=(LKSpost-LKSpre)-(ACCpost-ACCpre),
mean_lat_z,-0.042318519340927917,0.063132587131349852,-0.1660561163692105,0.08141907768735468,0.50265903413537261,risk_family,2145,D=(LKSpost-LKSpre)-(ACCpost-ACCpre),0.50265903413537261
mean_long_z,0.090188419243141305,0.054426158261847636,-0.016484890766957166,0.19686172925323978,0.097503595825905037,risk_family,2145,D=(LKSpost-LKSpre)-(ACCpost-ACCpre),0.19500719165181007
excursion_lat_z,-0.11129333650476343,0.052473680309865989,-0.21413986004836935,-0.0084468129611575127,0.033927158331424769,risk_family,2145,D=(LKSpost-LKSpre)-(ACCpost-ACCpre),0.10178147499427431
excursion_long_z,-0.075997446193694335,0.087532679225608312,-0.24755834494618401,0.095563452558795337,0.38527501149544563,risk_family,2145,D=(LKSpost-LKSpre)-(ACCpost-ACCpre),0.46233001379453476
late_lat_z,-0.0649489808038127,0.056463464617831506,-0.17561533789711409,0.045717376289488701,0.2500272039198963,risk_family,2145,D=(LKSpost-LKSpre)-(ACCpost-ACCpre),0.37504080587984445
late_long_z,-0.3055896349906338,0.085621495320296476,-0.47340468212087966,-0.13777458786038793,0.00035824232434994061,risk_family,2145,D=(LKSpost-LKSpre)-(ACCpost-ACCpre),0.0021494539460996439
positive_fraction_z,0.011573368955733715,0.059403557186459656,-0.10485546368329271,0.12800220159476014,0.84552901537038327,adjustment,2145,D=(LKSpost-LKSpre)-(ACCpost-ACCpre),
trust_pre_overall,0.025813952045806391,0.043444266996027159,-0.059335246601148972,0.11096315069276175,0.55238807235471932,adjustment,2145,D=(LKSpost-LKSpre)-(ACCpost-ACCpre),
trust_pre_acc,0.76082185542212766,0.045720473925553264,0.67121137317194068,0.85043233767231463,3.5331150379166476e-62,adjustment,2145,D=(LKSpost-LKSpre)-(ACCpost-ACCpre),
trust_pre_lks,-0.75780499861006312,0.041609494553787346,-0.83935810935040189,-0.67625188786972434,4.1218586278918084e-74,adjustment,2145,D=(LKSpost-LKSpre)-(ACCpost-ACCpre),
accept_pre_delegate,-0.042373128144983521,0.027686084147021658,-0.09663685594609131,0.011890599656124275,0.12589679816146127,adjustment,2145,D=(LKSpost-LKSpre)-(ACCpost-ACCpre),
accept_pre_monitor_raw,0.0085191868731015943,0.022529507720304442,-0.035637836848112205,0.052676210594315397,0.70533059020314215,adjustment,2145,D=(LKSpost-LKSpre)-(ACCpost-ACCpre),
accept_pre_distract,-0.027484856339996623,0.017620887110785962,-0.062021160452783157,0.0070514477727899108,0.11880987983435123,adjustment,2145,D=(LKSpost-LKSpre)-(ACCpost-ACCpre),
age_10,-0.03833833033241521,0.10749542572897525,-0.24902549326400697,0.17234883259917655,0.72135323697555598,adjustment,2145,D=(LKSpost-LKSpre)-(ACCpost-ACCpre),
experience_10,-0.062345000952249041,0.11114346849606282,-0.28018219632139429,0.15549219441689621,0.57483731344677524,adjustment,2145,D=(LKSpost-LKSpre)-(ACCpost-ACCpre),
