term,estimate,se_HC1,ci_low,ci_high,p_two_sided_normal,role,n,outcome
Intercept,1.5276190280771418,0.40865760178018129,0.72666484657947494,2.3285732095748086,0.0001853872504880111,adjustment,2145,D pooled model refit on family complete-case rows
C(gender)[T.Male],-0.19057589454643764,0.080488218636979303,-0.34832990425470267,-0.032821884838172638,0.017896675546938769,adjustment,2145,D pooled model refit on family complete-case rows
C(gender)[T.Missing],0.13751069331566801,0.42545982378029745,-0.69637523816247304,0.97139662479380906,0.74654008177032072,adjustment,2145,D pooled model refit on family complete-case rows
C(country)[T.Belgium],-0.73006430339887707,0.46399235634957031,-1.6394726109459095,0.17934400414815543,0.1156168862093496,adjustment,2145,D pooled model refit on family complete-case rows
C(country)[T.Czech Republic],-1.1460594374854454,0.49315902420482033,-2.1126333635778098,-0.17948551139308078,0.020130073664171699,adjustment,2145,D pooled model refit on family complete-case rows
C(country)[T.Denmark],-0.81349181299483697,2.1554749493974921,-5.0381450833922168,3.4111614574025433,0.70587100057509033,adjustment,2145,D pooled model refit on family complete-case rows
C(country)[T.Estonia],-0.72256807112145882,0.4794346830789632,-1.6622427828956017,0.21710664065268392,0.13177858004926954,adjustment,2145,D pooled model refit on family complete-case rows
C(country)[T.Finland],-0.64745557253180164,0.76904862454147926,-2.1547631789931674,0.85985203392956411,0.39984863586310582,adjustment,2145,D pooled model refit on family complete-case rows
C(country)[T.France],-0.73649123281329476,0.4599527884412537,-1.6379821327469228,0.16499966712033332,0.10932549103206414,adjustment,2145,D pooled model refit on family complete-case rows
C(country)[T.Gambia],-2.2874957868464976,0.34494024727238659,-2.963566248318716,-1.6114253253742792,3.3213241016367821e-11,adjustment,2145,D pooled model refit on family complete-case rows
C(country)[T.Germany],-0.36872433613988959,0.3814110115833339,-1.1162761821502134,0.37882750987043429,0.33367526463757535,adjustment,2145,D pooled model refit on family complete-case rows
C(country)[T.Greece],-0.71299267121944121,0.36496015233012569,-1.4283014255787394,0.0023160831398569837,0.050746427041803828,adjustment,2145,D pooled model refit on family complete-case rows
C(country)[T.Grenada],-1.7768511959334765,0.36407226961320904,-2.4904197321451225,-1.0632826597218306,1.0582239611589786e-06,adjustment,2145,D pooled model refit on family complete-case rows
C(country)[T.Hungary],-0.77235508513511053,0.39782032666955208,-1.5520685977253916,0.0073584274551706796,0.052201643476825724,adjustment,2145,D pooled model refit on family complete-case rows
C(country)[T.Iceland],1.2814180894720826,0.92956936437937077,-0.54050438584327432,3.1033405647874392,0.16804673720186836,adjustment,2145,D pooled model refit on family complete-case rows
C(country)[T.India],-1.1779700766492847,0.36211541109041001,-1.8877032406334044,-0.46823691266516498,0.0011418390415516848,adjustment,2145,D pooled model refit on family complete-case rows
C(country)[T.Italy],-0.87895929617860225,0.34272537440111334,-1.5506886865927902,-0.20722990576441436,0.010328977106417919,adjustment,2145,D pooled model refit on family complete-case rows
C(country)[T.Latvia],-0.92504028838146302,0.41576888596360118,-1.7399323307624621,-0.11014824600046391,0.026088582852791812,adjustment,2145,D pooled model refit on family complete-case rows
C(country)[T.Netherlands],-0.49936239853536879,0.40313020137386951,-1.2894830743085324,0.2907582772377949,0.21545200718534696,adjustment,2145,D pooled model refit on family complete-case rows
C(country)[T.Norway],-0.75421891775108085,0.53190728868630932,-1.7967380466905967,0.28830021118843485,0.15620482635832025,adjustment,2145,D pooled model refit on family complete-case rows
C(country)[T.Poland],-0.6725467409430812,0.34184205483501512,-1.3425448568208771,-0.0025486250652853037,0.049134862576734724,adjustment,2145,D pooled model refit on family complete-case rows
C(country)[T.Portugal],-0.81557185188201098,0.33750388278996285,-1.477067306792766,-0.15407639697125597,0.015671327296152997,adjustment,2145,D pooled model refit on family complete-case rows
C(country)[T.Qatar],-0.023109347594811806,0.53260674627984028,-1.0669993882263613,1.0207806930367376,0.96539133619748818,adjustment,2145,D pooled model refit on family complete-case rows
C(country)[T.Slovenia],-0.18980746904290821,0.5632416436090778,-1.2937408051098453,0.91412586702402898,0.73612354504485311,adjustment,2145,D pooled model refit on family complete-case rows
C(country)[T.South Korea],-0.97355365769647584,0.5068801316555781,-1.9670204602203298,0.01991314482737816,0.054772279945177485,adjustment,2145,D pooled model refit on family complete-case rows
C(country)[T.Spain],-0.40233464945603392,0.36068724292264981,-1.1092686552674771,0.30459935635540925,0.26465043215178241,adjustment,2145,D pooled model refit on family complete-case rows
C(country)[T.Sweden],-0.81524260087504563,0.46322422045633005,-1.7231453897360947,0.092660187986003395,0.07841953009228024,adjustment,2145,D pooled model refit on family complete-case rows
C(country)[T.Switzerland],0.10872263469097868,0.61201135279267493,-1.0907975749123013,1.3082428442942586,0.85899937174991803,adjustment,2145,D pooled model refit on family complete-case rows
C(country)[T.Ukraine],2.5028236488992799,0.34489711229868592,1.8268377304219889,3.1788095673765708,3.965735231699813e-13,adjustment,2145,D pooled model refit on family complete-case rows
C(country)[T.United Kingdom of Great Britain and Northern Ireland],-0.71692167375385107,0.38537232218399486,-1.472237545873047,0.038394198365344967,0.062838124569222331,adjustment,2145,D pooled model refit on family complete-case rows
C(country)[T.United States of America],-1.8635963605993267,0.40714975124851749,-2.661595209360863,-1.0655975118377905,4.7129332196602018e-06,adjustment,2145,D pooled model refit on family complete-case rows
mean_risk_z,0.057720794427512774,0.043011305761292064,-0.026579815792659799,0.14202140464768534,0.17959884449277841,risk_family,2145,D pooled model refit on family complete-case rows
excursion_z,-0.12637363186353295,0.071571405614821643,-0.26665100919149121,0.013903745464425271,0.077446190522107952,risk_family,2145,D pooled model refit on family complete-case rows
late_change_z,-0.31389707970957409,0.070544515981643338,-0.45216179034040527,-0.17563236907874288,8.6017867636563141e-06,risk_family,2145,D pooled model refit on family complete-case rows
positive_fraction_z,0.011894506015563631,0.060460274390541358,-0.10660545428530679,0.13039446631643406,0.84403680995003572,adjustment,2145,D pooled model refit on family complete-case rows
trust_pre_overall,0.021867583340758369,0.043357902946086206,-0.063112344878753696,0.10684751156027045,0.61401504236823956,adjustment,2145,D pooled model refit on family complete-case rows
trust_pre_acc,0.75993348533063887,0.045788269249359623,0.67019012668747113,0.84967684397380661,7.3647527080859817e-62,adjustment,2145,D pooled model refit on family complete-case rows
trust_pre_lks,-0.75434091996910391,0.041488522974635407,-0.83565693077115188,-0.67302490916705593,7.1778911363061307e-74,adjustment,2145,D pooled model refit on family complete-case rows
accept_pre_delegate,-0.040569503606904853,0.027792879663831281,-0.095042546774669848,0.013903539560860143,0.14437019570079718,adjustment,2145,D pooled model refit on family complete-case rows
accept_pre_monitor_raw,0.0077799160468665614,0.022496209162494233,-0.036311843700302104,0.051871675794035232,0.72946873959948277,adjustment,2145,D pooled model refit on family complete-case rows
accept_pre_distract,-0.029103928144292902,0.017670619163390296,-0.063737705289061183,0.0055298490004753766,0.099553179325710145,adjustment,2145,D pooled model refit on family complete-case rows
age_10,-0.047862175300083597,0.10767694704785304,-0.25890511347910206,0.16318076287893485,0.65668265714488139,adjustment,2145,D pooled model refit on family complete-case rows
experience_10,-0.05674716855409509,0.11168525675554028,-0.27564624939906279,0.16215191229087261,0.61138390847611701,adjustment,2145,D pooled model refit on family complete-case rows
