term,estimate,se_HC1,ci_low,ci_high,p_two_sided_normal,role,n,outcome,q_BH_family12
Intercept,2.6147301197702144,0.42740668204411475,1.7770284162119871,3.4524318233284417,9.4957507918632719e-10,adjustment,2145,trust_post_acc,
C(gender)[T.Male],0.142044354723872,0.080336682951143323,-0.015412650497781899,0.2995013599455259,0.077041970417019795,adjustment,2145,trust_post_acc,
C(gender)[T.Missing],-0.55602463739716645,0.35757227499650734,-1.256853418260373,0.14480414346603998,0.11994623598860969,adjustment,2145,trust_post_acc,
C(country)[T.Belgium],0.27006914810448157,0.49209781350030329,-0.69442484322702125,1.2345631394359844,0.58313452601823523,adjustment,2145,trust_post_acc,
C(country)[T.Czech Republic],0.45258492956388663,0.4963005563700823,-0.52014628642866556,1.4253161455564389,0.36181239573002111,adjustment,2145,trust_post_acc,
C(country)[T.Denmark],-0.53836884675444263,1.5969830795578741,-3.6683981666077399,2.5916604730988544,0.73602931534512761,adjustment,2145,trust_post_acc,
C(country)[T.Estonia],0.44132111697806931,0.447319147682402,-0.43540830207459225,1.3180505360307309,0.32384310543041239,adjustment,2145,trust_post_acc,
C(country)[T.Finland],-1.0131411338587091,0.71151481185435927,-2.4076845395600461,0.38140227184262776,0.15446923972815782,adjustment,2145,trust_post_acc,
C(country)[T.France],0.12101031222905756,0.50050371130143456,-0.85995893605038698,1.1019795605085021,0.80895292068718527,adjustment,2145,trust_post_acc,
C(country)[T.Gambia],-0.21067339022201012,0.41008979719437405,-1.0144346231503181,0.59308784270629789,0.6074442550056669,adjustment,2145,trust_post_acc,
C(country)[T.Germany],-0.2362492501320039,0.43390748760906489,-1.0866922984680307,0.61419379820402298,0.58611865745674196,adjustment,2145,trust_post_acc,
C(country)[T.Greece],0.28858862172018646,0.42650088454366236,-0.54733775135986762,1.1245149948002404,0.49863281151275862,adjustment,2145,trust_post_acc,
C(country)[T.Grenada],1.1996932138002827,0.40399408189752534,0.40787936331380803,1.9915070642867574,0.0029820602926324191,adjustment,2145,trust_post_acc,
C(country)[T.Hungary],0.1614767542484164,0.43995197295953864,-0.70081326767961905,1.023766776176452,0.71359463714935967,adjustment,2145,trust_post_acc,
C(country)[T.Iceland],-1.5960298015148662,0.95200752523545207,-3.4619302639874592,0.2698706609577266,0.093642519456418424,adjustment,2145,trust_post_acc,
C(country)[T.India],2.1684942444815301,0.43266115593039656,1.3204939613484843,3.0164945276145758,5.3869449196214626e-07,adjustment,2145,trust_post_acc,
C(country)[T.Italy],0.25592872509374831,0.40220731675464444,-0.5323831300638483,1.044240580251345,0.52457408478692225,adjustment,2145,trust_post_acc,
C(country)[T.Latvia],0.36982231416085282,0.52319908021945749,-0.65562903981376652,1.395273668135472,0.47966083399838755,adjustment,2145,trust_post_acc,
C(country)[T.Netherlands],-0.38447084661789299,0.46733633033445854,-1.3004332227405453,0.53149152950475931,0.41068683388287175,adjustment,2145,trust_post_acc,
C(country)[T.Norway],1.6228418798200339,0.4847173467187938,0.67281333756938388,2.5728704220706842,0.00081392041034733748,adjustment,2145,trust_post_acc,
C(country)[T.Poland],-0.054061319496043925,0.40193450902946426,-0.84183848133758299,0.73371584234549525,0.89300499198532146,adjustment,2145,trust_post_acc,
C(country)[T.Portugal],0.11244528972023871,0.39832926090711263,-0.66826571564616055,0.89315629508663796,0.77771937678542424,adjustment,2145,trust_post_acc,
C(country)[T.Qatar],0.56649750162714774,0.42106110371059491,-0.25876709693630284,1.3917621001905984,0.17849464443951923,adjustment,2145,trust_post_acc,
C(country)[T.Slovenia],-0.29489043884554905,0.58222446666167382,-1.4360294244204712,0.846248546729373,0.61251322788584095,adjustment,2145,trust_post_acc,
C(country)[T.South Korea],0.12618307797236386,0.95244953591210502,-1.7405837095072507,1.9929498654519784,0.89460251258095258,adjustment,2145,trust_post_acc,
C(country)[T.Spain],-0.079989412046201247,0.41637495486431031,-0.89606932764474001,0.73609050355233752,0.8476567578113946,adjustment,2145,trust_post_acc,
C(country)[T.Sweden],-0.10201688649663139,0.51510548210857809,-1.1116050796685855,0.90757130667532271,0.84300557079791871,adjustment,2145,trust_post_acc,
C(country)[T.Switzerland],0.31361379162608927,0.63111662792182588,-0.92335206914505541,1.5505796523972339,0.61924623052823002,adjustment,2145,trust_post_acc,
C(country)[T.Ukraine],-3.4202939064976605,0.41052811507480075,-4.2249142266853852,-2.6156735863099363,7.9859080222643995e-17,adjustment,2145,trust_post_acc,
C(country)[T.United Kingdom of Great Britain and Northern Ireland],-0.97115743686255274,0.41901195839207783,-1.7924057844026211,-0.14990908932248448,0.020463889137203893,adjustment,2145,trust_post_acc,
C(country)[T.United States of America],1.1751361674880498,0.41110329858451716,0.36938850833678005,1.9808838266393196,0.0042565763132024481,adjustment,2145,trust_post_acc,
trust_pre_acc,0.53059240375507233,0.02376436078440259,0.48401511250202722,0.57716969500811743,2.0099595205745081e-110,adjustment,2145,trust_post_acc,
mean_lat_z,-0.030781905483346444,0.058819764357079418,-0.14606652520235486,0.084502714235661983,0.60074748778305687,risk_family,2145,trust_post_acc,0.72089698533966817
mean_long_z,-0.31803608654335147,0.053927839922456124,-0.42373271055540679,-0.21233946253129615,3.6918916341230824e-09,risk_family,2145,trust_post_acc,4.4302699609476988e-08
excursion_lat_z,0.01922031767886432,0.050364665425497043,-0.079492612648519562,0.11793324800624821,0.70274097794919088,risk_family,2145,trust_post_acc,0.76662652139911736
excursion_long_z,0.01079974846494638,0.083569729888273325,-0.15299391231380985,0.17459340924370262,0.89717535311942687,risk_family,2145,trust_post_acc,0.89717535311942687
late_lat_z,-0.051287084976319904,0.052803037102861397,-0.15477913597226045,0.052204966019620637,0.3314036695981587,risk_family,2145,trust_post_acc,0.44187155946421158
late_long_z,0.19836895730511486,0.083330360778502865,0.035044451360520146,0.36169346324970958,0.017288579064544795,risk_family,2145,trust_post_acc,0.051865737193634388
positive_fraction_z,-0.070151918091414342,0.072569818846136613,-0.21238614939443817,0.072082313211609475,0.33370316268822242,adjustment,2145,trust_post_acc,
age_10,0.25777317804651045,0.1188756752077717,0.02478113600139692,0.49076522009162399,0.030126242485283752,adjustment,2145,trust_post_acc,
experience_10,-0.13217977640249595,0.12679523977080379,-0.38069387976439206,0.11633432695940016,0.29719549821613744,adjustment,2145,trust_post_acc,
Intercept,3.9178943664196582,0.33400350214074381,3.2632595315135533,4.5725292013257626,8.9353410327878911e-32,adjustment,2145,trust_post_lks,
C(gender)[T.Male],-0.047445090871787936,0.075496235199871226,-0.19541499283190064,0.10052481108832476,0.52971368605091196,adjustment,2145,trust_post_lks,
C(gender)[T.Missing],-0.27242009396439781,0.42918158539832263,-1.1136005441729118,0.56876035624411614,0.52559591201750266,adjustment,2145,trust_post_lks,
C(country)[T.Belgium],-0.18442033331143129,0.43035459671404352,-1.0278998434522162,0.65905917682935355,0.66826448837916552,adjustment,2145,trust_post_lks,
C(country)[T.Czech Republic],-0.40211298247451571,0.51070931836976752,-1.4030848530482602,0.59885888809922871,0.43107013143764983,adjustment,2145,trust_post_lks,
C(country)[T.Denmark],-0.84368867325650021,0.59687539958991365,-2.0135429597106844,0.32616561319768389,0.15750615438268212,adjustment,2145,trust_post_lks,
C(country)[T.Estonia],0.1022871449478714,0.45276071867309492,-0.78510755726586623,0.98968184716160901,0.82126459837120247,adjustment,2145,trust_post_lks,
C(country)[T.Finland],-1.3919835349162635,0.5749872071820944,-2.5189377525644385,-0.2650293172680882,0.015482357454689333,adjustment,2145,trust_post_lks,
C(country)[T.France],-0.35596736049410188,0.36535172888076811,-1.0720435907898498,0.36010886980164597,0.32990057920132054,adjustment,2145,trust_post_lks,
C(country)[T.Gambia],-2.0492969236071485,0.31624052405478498,-2.6691169612065995,-1.4294768860076974,9.1610561449612705e-11,adjustment,2145,trust_post_lks,
C(country)[T.Germany],-0.34202833544368821,0.33002686336156783,-0.98886910156308261,0.30481243067570624,0.30003182848645737,adjustment,2145,trust_post_lks,
C(country)[T.Greece],-0.19857595140353629,0.32712943022289992,-0.83973785292352887,0.44258595011645624,0.54383389724064779,adjustment,2145,trust_post_lks,
C(country)[T.Grenada],-0.094373882564316433,0.30568817571442469,-0.69351169746434049,0.5047639323357076,0.75752997705271574,adjustment,2145,trust_post_lks,
C(country)[T.Hungary],-0.31010962432036676,0.34579518937809101,-0.98785574152863265,0.36763649288789907,0.36982487861143787,adjustment,2145,trust_post_lks,
C(country)[T.Iceland],0.16035355500337548,0.39241959649426594,-0.60877472095312624,0.92948183095987713,0.68281282863036596,adjustment,2145,trust_post_lks,
C(country)[T.India],1.2472690174683254,0.33865437320926378,0.58351864277118226,1.9110193921654686,0.00023049190864760772,adjustment,2145,trust_post_lks,
C(country)[T.Italy],-0.39919630987436011,0.30073108848961017,-0.98861841234552394,0.19022579259680378,0.18436995407063217,adjustment,2145,trust_post_lks,
C(country)[T.Latvia],-0.012620257891372577,0.54880377550431025,-1.0882558924594259,1.0630153766766808,0.98165351267036161,adjustment,2145,trust_post_lks,
C(country)[T.Netherlands],-0.54629636315882657,0.34492626718405961,-1.2223394241614234,0.12974669784377024,0.11323782621598187,adjustment,2145,trust_post_lks,
C(country)[T.Norway],0.71613136749280037,0.53441756129309637,-0.33130780534739535,1.7635705403329962,0.1802381450567474,adjustment,2145,trust_post_lks,
C(country)[T.Poland],-0.54748877623327008,0.30222009540533196,-1.1398292786319799,0.044851726165439643,0.070054752535942635,adjustment,2145,trust_post_lks,
C(country)[T.Portugal],-0.48421796134117845,0.29711911737607055,-1.0665607305166058,0.098124807834248817,0.10316282808958201,adjustment,2145,trust_post_lks,
C(country)[T.Qatar],0.9775011113264892,0.37509792801608344,0.24232268173936788,1.7126795409136104,0.0091609377247143207,adjustment,2145,trust_post_lks,
C(country)[T.Slovenia],-0.35239306338597981,0.50319726067051629,-1.3386415714194051,0.63385544464744559,0.48373498152420902,adjustment,2145,trust_post_lks,
C(country)[T.South Korea],-0.50344009727992467,0.92712361561639411,-2.3205689931046143,1.3136887985447647,0.58712091012498979,adjustment,2145,trust_post_lks,
C(country)[T.Spain],-0.27055033423255836,0.31876292748194535,-0.89531419170372428,0.35421352323860755,0.39601989462566523,adjustment,2145,trust_post_lks,
C(country)[T.Sweden],-0.63276740346502203,0.41971219594047587,-1.4553881913805731,0.18985338445052902,0.13165126027839533,adjustment,2145,trust_post_lks,
C(country)[T.Switzerland],0.48859281092514745,0.38239355229951427,-0.26088477950223404,1.238070401352529,0.20134732092107399,adjustment,2145,trust_post_lks,
C(country)[T.Ukraine],-0.459814392507499,0.30706706600271511,-1.0616547827112042,0.14202599769620627,0.13427890396372821,adjustment,2145,trust_post_lks,
C(country)[T.United Kingdom of Great Britain and Northern Ireland],-1.2356015203440012,0.33389920850390109,-1.8900319434780775,-0.58117109720992488,0.00021515603456925762,adjustment,2145,trust_post_lks,
C(country)[T.United States of America],1.0180065730993633,0.31165128423304805,0.40718128026693345,1.6288318659317931,0.0010888870384696456,adjustment,2145,trust_post_lks,
trust_pre_lks,0.5215551950348295,0.023539637318374468,0.47541835368168051,0.56769203638797849,9.0368883295930386e-109,adjustment,2145,trust_post_lks,
mean_lat_z,-0.055980611963740233,0.05709156884662954,-0.16787803072402308,0.055916806796542616,0.32681924566323362,risk_family,2145,trust_post_lks,0.44187155946421158
mean_long_z,-0.23291824667151945,0.049831721609422445,-0.3305866263136138,-0.1352498670294251,2.952513252169935e-06,risk_family,2145,trust_post_lks,1.7715079513019611e-05
excursion_lat_z,-0.08342188844988993,0.046013597005370263,-0.17360688137955571,0.0067631044797758638,0.069834378631835614,risk_family,2145,trust_post_lks,0.13966875726367123
excursion_long_z,-0.077979622688003819,0.076411932901974997,-0.22774425916496599,0.071785013788958352,0.30748366495644264,risk_family,2145,trust_post_lks,0.44187155946421158
late_lat_z,-0.1312343076890515,0.048649650478605568,-0.22658587048758022,-0.035882744890522789,0.0069854195900018274,risk_family,2145,trust_post_lks,0.02794167836000731
late_long_z,-0.14066402353521354,0.075440196961165107,-0.28852409256570521,0.0071960454952781083,0.062240779849198201,risk_family,2145,trust_post_lks,0.13966875726367123
positive_fraction_z,-0.05171206494445095,0.050936417450950011,-0.15154560864981048,0.048121478760908581,0.30999727120075582,adjustment,2145,trust_post_lks,
age_10,0.18618212688643329,0.10134789889976212,-0.012456104865907036,0.38482035863877362,0.066201102810702087,adjustment,2145,trust_post_lks,
experience_10,-0.14697715831576905,0.10772389374919014,-0.35811211033860119,0.064157793707063093,0.17244556916232057,adjustment,2145,trust_post_lks,
