scenario,display_scenario,questionnaire_event_id,event_key,parameter_sheet,source_excel_row,source_event_name,design_speed_kmh,design_braking_m_s2,design_distance_m,lateral_behaviour,acc_style,distance_source_label,mapping_status,lc_distance_conflict,stored_ax_n_conflict
B1,LC,1,B1_E01,MAL,2,MAL_1,,,5,1m/s,cautious,neighbour vehicle merging distance (m),author_confirmed_20261007_and_exact_publication_bridge,False,False
B1,LC,2,B1_E02,MAL,3,MAL_2,,,15,1m/s,cautious,neighbour vehicle merging distance (m),author_confirmed_20261007_and_exact_publication_bridge,False,False
B1,LC,3,B1_E03,MAL,4,MAL_3,,,5,1m/s,mild,neighbour vehicle merging distance (m),author_confirmed_20261007_and_exact_publication_bridge,False,False
B1,LC,4,B1_E04,MAL,5,MAL_4,,,15,1m/s,mild,neighbour vehicle merging distance (m),author_confirmed_20261007_and_exact_publication_bridge,False,False
B1,LC,5,B1_E05,MAL,6,MAL_5,,,5,1m/s,aggressive,neighbour vehicle merging distance (m),author_confirmed_20261007_and_exact_publication_bridge,False,False
B1,LC,6,B1_E06,MAL,7,MAL_6,,,15,1m/s,aggressive,neighbour vehicle merging distance (m),author_confirmed_20261007_and_exact_publication_bridge,False,False
B1,LC,7,B1_E07,MAL,8,MAL_7,,,5,3m/s,cautious,neighbour vehicle merging distance (m),author_confirmed_20261007_and_exact_publication_bridge,False,False
B1,LC,8,B1_E08,MAL,9,MAL_8,,,15,3m/s,cautious,neighbour vehicle merging distance (m),author_confirmed_20261007_and_exact_publication_bridge,False,False
B1,LC,9,B1_E09,MAL,10,MAL_9,,,5,3m/s,mild,neighbour vehicle merging distance (m),author_confirmed_20261007_and_exact_publication_bridge,False,False
B1,LC,10,B1_E10,MAL,11,MAL_10,,,15,3m/s,mild,neighbour vehicle merging distance (m),author_confirmed_20261007_and_exact_publication_bridge,False,False
B1,LC,11,B1_E11,MAL,12,MAL_11,,,5,3m/s,aggressive,neighbour vehicle merging distance (m),author_confirmed_20261007_and_exact_publication_bridge,False,False
B1,LC,12,B1_E12,MAL,13,MAL_12,,,15,3m/s,aggressive,neighbour vehicle merging distance (m),author_confirmed_20261007_and_exact_publication_bridge,False,False
B1,LC,13,B1_E13,MAL,14,MAL_13,,,5,Fragmented,cautious,neighbour vehicle merging distance (m),author_confirmed_20261007_and_exact_publication_bridge,False,False
B1,LC,14,B1_E14,MAL,15,MAL_14,,,15,Fragmented,cautious,neighbour vehicle merging distance (m),author_confirmed_20261007_and_exact_publication_bridge,False,False
B1,LC,15,B1_E15,MAL,16,MAL_15,,,5,Fragmented,mild,neighbour vehicle merging distance (m),author_confirmed_20261007_and_exact_publication_bridge,False,False
B1,LC,16,B1_E16,MAL,17,MAL_16,,,15,Fragmented,mild,neighbour vehicle merging distance (m),author_confirmed_20261007_and_exact_publication_bridge,False,False
B1,LC,17,B1_E17,MAL,18,MAL_17,,,5,Fragmented,aggressive,neighbour vehicle merging distance (m),author_confirmed_20261007_and_exact_publication_bridge,False,False
B1,LC,18,B1_E18,MAL,19,MAL_18,,,15,Fragmented,aggressive,neighbour vehicle merging distance (m),author_confirmed_20261007_and_exact_publication_bridge,False,False
B1,LC,19,B1_E19,MAL,20,MAL_19,,,5,Abortion,cautious,neighbour vehicle merging distance (m),author_confirmed_20261007_and_exact_publication_bridge,True,False
B1,LC,20,B1_E20,MAL,21,MAL_20,,,15,Abortion,cautious,neighbour vehicle merging distance (m),author_confirmed_20261007_and_exact_publication_bridge,True,False
B1,LC,21,B1_E21,MAL,22,MAL_21,,,5,Abortion,mild,neighbour vehicle merging distance (m),author_confirmed_20261007_and_exact_publication_bridge,True,False
B1,LC,22,B1_E22,MAL,23,MAL_22,,,15,Abortion,mild,neighbour vehicle merging distance (m),author_confirmed_20261007_and_exact_publication_bridge,True,False
B1,LC,23,B1_E23,MAL,24,MAL_23,,,5,Abortion,aggressive,neighbour vehicle merging distance (m),author_confirmed_20261007_and_exact_publication_bridge,True,False
B1,LC,24,B1_E24,MAL,25,MAL_24,,,15,Abortion,aggressive,neighbour vehicle merging distance (m),author_confirmed_20261007_and_exact_publication_bridge,True,False
B2,SVM,1,B2_E01,AMB,2,AMB_1,80.0,-2.0,5,,,ego vehicle merging distance (m),author_confirmed_20261007_and_exact_publication_bridge,False,False
B2,SVM,2,B2_E02,AMB,3,AMB_2,80.0,-2.0,15,,,ego vehicle merging distance (m),author_confirmed_20261007_and_exact_publication_bridge,False,False
B2,SVM,3,B2_E03,AMB,4,AMB_3,80.0,-2.0,25,,,ego vehicle merging distance (m),author_confirmed_20261007_and_exact_publication_bridge,False,False
B2,SVM,4,B2_E04,AMB,5,AMB_4,80.0,-5.0,5,,,ego vehicle merging distance (m),author_confirmed_20261007_and_exact_publication_bridge,False,False
B2,SVM,5,B2_E05,AMB,6,AMB_5,80.0,-5.0,15,,,ego vehicle merging distance (m),author_confirmed_20261007_and_exact_publication_bridge,False,False
B2,SVM,6,B2_E06,AMB,7,AMB_6,80.0,-5.0,25,,,ego vehicle merging distance (m),author_confirmed_20261007_and_exact_publication_bridge,False,False
B2,SVM,7,B2_E07,AMB,8,AMB_7,80.0,-8.0,5,,,ego vehicle merging distance (m),author_confirmed_20261007_and_exact_publication_bridge,False,False
B2,SVM,8,B2_E08,AMB,9,AMB_8,80.0,-8.0,15,,,ego vehicle merging distance (m),author_confirmed_20261007_and_exact_publication_bridge,False,False
B2,SVM,9,B2_E09,AMB,10,AMB_9,80.0,-8.0,25,,,ego vehicle merging distance (m),author_confirmed_20261007_and_exact_publication_bridge,False,False
B2,SVM,10,B2_E10,AMB,11,AMB_10,100.0,-2.0,5,,,ego vehicle merging distance (m),author_confirmed_20261007_and_exact_publication_bridge,False,False
B2,SVM,11,B2_E11,AMB,12,AMB_11,100.0,-2.0,15,,,ego vehicle merging distance (m),author_confirmed_20261007_and_exact_publication_bridge,False,False
B2,SVM,12,B2_E12,AMB,13,AMB_12,100.0,-2.0,25,,,ego vehicle merging distance (m),author_confirmed_20261007_and_exact_publication_bridge,False,False
B2,SVM,13,B2_E13,AMB,14,AMB_13,100.0,-5.0,5,,,ego vehicle merging distance (m),author_confirmed_20261007_and_exact_publication_bridge,False,False
B2,SVM,14,B2_E14,AMB,15,AMB_14,100.0,-5.0,15,,,ego vehicle merging distance (m),author_confirmed_20261007_and_exact_publication_bridge,False,False
B2,SVM,15,B2_E15,AMB,16,AMB_15,100.0,-5.0,25,,,ego vehicle merging distance (m),author_confirmed_20261007_and_exact_publication_bridge,False,False
B2,SVM,16,B2_E16,AMB,17,AMB_16,100.0,-8.0,5,,,ego vehicle merging distance (m),author_confirmed_20261007_and_exact_publication_bridge,False,False
B2,SVM,17,B2_E17,AMB,18,AMB_17,100.0,-8.0,15,,,ego vehicle merging distance (m),author_confirmed_20261007_and_exact_publication_bridge,False,False
B2,SVM,18,B2_E18,AMB,19,AMB_18,100.0,-8.0,25,,,ego vehicle merging distance (m),author_confirmed_20261007_and_exact_publication_bridge,False,False
B2,SVM,19,B2_E19,AMB,20,AMB_19,120.0,-2.0,5,,,ego vehicle merging distance (m),author_confirmed_20261007_and_exact_publication_bridge,False,False
B2,SVM,20,B2_E20,AMB,21,AMB_20,120.0,-2.0,15,,,ego vehicle merging distance (m),author_confirmed_20261007_and_exact_publication_bridge,False,False
B2,SVM,21,B2_E21,AMB,22,AMB_21,120.0,-2.0,25,,,ego vehicle merging distance (m),author_confirmed_20261007_and_exact_publication_bridge,False,False
B2,SVM,22,B2_E22,AMB,23,AMB_22,120.0,-5.0,5,,,ego vehicle merging distance (m),author_confirmed_20261007_and_exact_publication_bridge,False,False
B2,SVM,23,B2_E23,AMB,24,AMB_23,120.0,-5.0,15,,,ego vehicle merging distance (m),author_confirmed_20261007_and_exact_publication_bridge,False,False
B2,SVM,24,B2_E24,AMB,25,AMB_24,120.0,-5.0,25,,,ego vehicle merging distance (m),author_confirmed_20261007_and_exact_publication_bridge,False,False
B2,SVM,25,B2_E25,AMB,26,AMB_25,120.0,-8.0,5,,,ego vehicle merging distance (m),author_confirmed_20261007_and_exact_publication_bridge,False,False
B2,SVM,26,B2_E26,AMB,27,AMB_26,120.0,-8.0,15,,,ego vehicle merging distance (m),author_confirmed_20261007_and_exact_publication_bridge,False,False
B2,SVM,27,B2_E27,AMB,28,AMB_27,120.0,-8.0,25,,,ego vehicle merging distance (m),author_confirmed_20261007_and_exact_publication_bridge,False,False
B3,HB,1,B3_E01,HB,2,HB_1,80.0,-2.0,5,,,initial braking distance (m),author_confirmed_20261007_and_exact_publication_bridge,False,False
B3,HB,2,B3_E02,HB,3,HB_2,80.0,-2.0,15,,,initial braking distance (m),author_confirmed_20261007_and_exact_publication_bridge,False,False
B3,HB,3,B3_E03,HB,4,HB_3,80.0,-2.0,25,,,initial braking distance (m),author_confirmed_20261007_and_exact_publication_bridge,False,False
B3,HB,4,B3_E04,HB,5,HB_4,80.0,-5.0,5,,,initial braking distance (m),author_confirmed_20261007_and_exact_publication_bridge,False,False
B3,HB,5,B3_E05,HB,6,HB_5,80.0,-5.0,15,,,initial braking distance (m),author_confirmed_20261007_and_exact_publication_bridge,False,False
B3,HB,6,B3_E06,HB,7,HB_6,80.0,-5.0,25,,,initial braking distance (m),author_confirmed_20261007_and_exact_publication_bridge,False,False
B3,HB,7,B3_E07,HB,8,HB_7,80.0,-8.0,5,,,initial braking distance (m),author_confirmed_20261007_and_exact_publication_bridge,False,True
B3,HB,8,B3_E08,HB,9,HB_8,80.0,-8.0,15,,,initial braking distance (m),author_confirmed_20261007_and_exact_publication_bridge,False,True
B3,HB,9,B3_E09,HB,10,HB_9,80.0,-8.0,25,,,initial braking distance (m),author_confirmed_20261007_and_exact_publication_bridge,False,True
B3,HB,10,B3_E10,HB,11,HB_10,100.0,-2.0,5,,,initial braking distance (m),author_confirmed_20261007_and_exact_publication_bridge,False,False
B3,HB,11,B3_E11,HB,12,HB_11,100.0,-2.0,15,,,initial braking distance (m),author_confirmed_20261007_and_exact_publication_bridge,False,False
B3,HB,12,B3_E12,HB,13,HB_12,100.0,-2.0,25,,,initial braking distance (m),author_confirmed_20261007_and_exact_publication_bridge,False,False
B3,HB,13,B3_E13,HB,14,HB_13,100.0,-5.0,5,,,initial braking distance (m),author_confirmed_20261007_and_exact_publication_bridge,False,False
B3,HB,14,B3_E14,HB,15,HB_14,100.0,-5.0,15,,,initial braking distance (m),author_confirmed_20261007_and_exact_publication_bridge,False,False
B3,HB,15,B3_E15,HB,16,HB_15,100.0,-5.0,25,,,initial braking distance (m),author_confirmed_20261007_and_exact_publication_bridge,False,False
B3,HB,16,B3_E16,HB,17,HB_16,100.0,-8.0,5,,,initial braking distance (m),author_confirmed_20261007_and_exact_publication_bridge,False,False
B3,HB,17,B3_E17,HB,18,HB_17,100.0,-8.0,15,,,initial braking distance (m),author_confirmed_20261007_and_exact_publication_bridge,False,False
B3,HB,18,B3_E18,HB,19,HB_18,100.0,-8.0,25,,,initial braking distance (m),author_confirmed_20261007_and_exact_publication_bridge,False,False
B3,HB,19,B3_E19,HB,20,HB_19,120.0,-2.0,5,,,initial braking distance (m),author_confirmed_20261007_and_exact_publication_bridge,False,False
B3,HB,20,B3_E20,HB,21,HB_20,120.0,-2.0,15,,,initial braking distance (m),author_confirmed_20261007_and_exact_publication_bridge,False,False
B3,HB,21,B3_E21,HB,22,HB_21,120.0,-2.0,25,,,initial braking distance (m),author_confirmed_20261007_and_exact_publication_bridge,False,False
B3,HB,22,B3_E22,HB,23,HB_22,120.0,-5.0,5,,,initial braking distance (m),author_confirmed_20261007_and_exact_publication_bridge,False,False
B3,HB,23,B3_E23,HB,24,HB_23,120.0,-5.0,15,,,initial braking distance (m),author_confirmed_20261007_and_exact_publication_bridge,False,False
B3,HB,24,B3_E24,HB,25,HB_24,120.0,-5.0,25,,,initial braking distance (m),author_confirmed_20261007_and_exact_publication_bridge,False,False
B3,HB,25,B3_E25,HB,26,HB_25,120.0,-8.0,5,,,initial braking distance (m),author_confirmed_20261007_and_exact_publication_bridge,False,False
B3,HB,26,B3_E26,HB,27,HB_26,120.0,-8.0,15,,,initial braking distance (m),author_confirmed_20261007_and_exact_publication_bridge,False,False
B3,HB,27,B3_E27,HB,28,HB_27,120.0,-8.0,25,,,initial braking distance (m),author_confirmed_20261007_and_exact_publication_bridge,False,False
B4,MB,1,B4_E01,MB,2,MB_1,80.0,-2.0,5,,,merging distance (m),author_confirmed_20261007_and_exact_publication_bridge,False,False
B4,MB,2,B4_E02,MB,3,MB_2,80.0,-2.0,15,,,merging distance (m),author_confirmed_20261007_and_exact_publication_bridge,False,False
B4,MB,3,B4_E03,MB,4,MB_3,80.0,-2.0,25,,,merging distance (m),author_confirmed_20261007_and_exact_publication_bridge,False,False
B4,MB,4,B4_E04,MB,5,MB_4,80.0,-5.0,5,,,merging distance (m),author_confirmed_20261007_and_exact_publication_bridge,False,False
B4,MB,5,B4_E05,MB,6,MB_5,80.0,-5.0,15,,,merging distance (m),author_confirmed_20261007_and_exact_publication_bridge,False,False
B4,MB,6,B4_E06,MB,7,MB_6,80.0,-5.0,25,,,merging distance (m),author_confirmed_20261007_and_exact_publication_bridge,False,False
B4,MB,7,B4_E07,MB,8,MB_7,80.0,-8.0,5,,,merging distance (m),author_confirmed_20261007_and_exact_publication_bridge,False,False
B4,MB,8,B4_E08,MB,9,MB_8,80.0,-8.0,15,,,merging distance (m),author_confirmed_20261007_and_exact_publication_bridge,False,False
B4,MB,9,B4_E09,MB,10,MB_9,80.0,-8.0,25,,,merging distance (m),author_confirmed_20261007_and_exact_publication_bridge,False,False
B4,MB,10,B4_E10,MB,11,MB_10,100.0,-2.0,5,,,merging distance (m),author_confirmed_20261007_and_exact_publication_bridge,False,False
B4,MB,11,B4_E11,MB,12,MB_11,100.0,-2.0,15,,,merging distance (m),author_confirmed_20261007_and_exact_publication_bridge,False,False
B4,MB,12,B4_E12,MB,13,MB_12,100.0,-2.0,25,,,merging distance (m),author_confirmed_20261007_and_exact_publication_bridge,False,False
B4,MB,13,B4_E13,MB,14,MB_13,100.0,-5.0,5,,,merging distance (m),author_confirmed_20261007_and_exact_publication_bridge,False,False
B4,MB,14,B4_E14,MB,15,MB_14,100.0,-5.0,15,,,merging distance (m),author_confirmed_20261007_and_exact_publication_bridge,False,False
B4,MB,15,B4_E15,MB,16,MB_15,100.0,-5.0,25,,,merging distance (m),author_confirmed_20261007_and_exact_publication_bridge,False,False
B4,MB,16,B4_E16,MB,17,MB_16,100.0,-8.0,5,,,merging distance (m),author_confirmed_20261007_and_exact_publication_bridge,False,False
B4,MB,17,B4_E17,MB,18,MB_17,100.0,-8.0,15,,,merging distance (m),author_confirmed_20261007_and_exact_publication_bridge,False,False
B4,MB,18,B4_E18,MB,19,MB_18,100.0,-8.0,25,,,merging distance (m),author_confirmed_20261007_and_exact_publication_bridge,False,False
B4,MB,19,B4_E19,MB,20,MB_19,120.0,-2.0,5,,,merging distance (m),author_confirmed_20261007_and_exact_publication_bridge,False,False
B4,MB,20,B4_E20,MB,21,MB_20,120.0,-2.0,15,,,merging distance (m),author_confirmed_20261007_and_exact_publication_bridge,False,False
B4,MB,21,B4_E21,MB,22,MB_21,120.0,-2.0,25,,,merging distance (m),author_confirmed_20261007_and_exact_publication_bridge,False,False
B4,MB,22,B4_E22,MB,23,MB_22,120.0,-5.0,5,,,merging distance (m),author_confirmed_20261007_and_exact_publication_bridge,False,False
B4,MB,23,B4_E23,MB,24,MB_23,120.0,-5.0,15,,,merging distance (m),author_confirmed_20261007_and_exact_publication_bridge,False,False
B4,MB,24,B4_E24,MB,25,MB_24,120.0,-5.0,25,,,merging distance (m),author_confirmed_20261007_and_exact_publication_bridge,False,False
B4,MB,25,B4_E25,MB,26,MB_25,120.0,-8.0,5,,,merging distance (m),author_confirmed_20261007_and_exact_publication_bridge,False,False
B4,MB,26,B4_E26,MB,27,MB_26,120.0,-8.0,15,,,merging distance (m),author_confirmed_20261007_and_exact_publication_bridge,False,False
B4,MB,27,B4_E27,MB,28,MB_27,120.0,-8.0,25,,,merging distance (m),author_confirmed_20261007_and_exact_publication_bridge,False,False
