sheet,cell,row,column,data_type,raw_value
MB,A1,1,1,s,name
MB,B1,1,2,s,speed(km/h)
MB,C1,1,3,s,braking intensity (m/s2)
MB,D1,1,4,s,merging distance (m)
MB,E1,1,5,s,segments to keep
MB,F1,1,6,s,futher delete
MB,G1,1,7,s,The number of video clips left
MB,I1,1,9,s,Final keep for pilot 1
MB,A2,2,1,s,MB_1
MB,B2,2,2,n,80
MB,C2,2,3,n,-2
MB,D2,2,4,n,5
MB,E2,2,5,s,3-7
MB,F2,2,6,s,"3,7"
MB,G2,2,7,n,3
MB,I2,2,9,s,3-7
MB,K2,2,11,n,5
MB,A3,3,1,s,MB_2
MB,B3,3,2,n,80
MB,C3,3,3,n,-2
MB,D3,3,4,n,15
MB,E3,3,5,s,3-7
MB,F3,3,6,s,"3,7"
MB,G3,3,7,n,3
MB,I3,3,9,s,3-7
MB,K3,3,11,n,5
MB,A4,4,1,s,MB_3
MB,B4,4,2,n,80
MB,C4,4,3,n,-2
MB,D4,4,4,n,25
MB,E4,4,5,s,3-7
MB,F4,4,6,s,"3,7"
MB,G4,4,7,n,3
MB,I4,4,9,s,3-7
MB,K4,4,11,n,5
MB,A5,5,1,s,MB_4
MB,B5,5,2,n,80
MB,C5,5,3,n,-5
MB,D5,5,4,n,5
MB,E5,5,5,s,3-7
MB,F5,5,6,s,"3,7"
MB,G5,5,7,n,3
MB,I5,5,9,s,3-7
MB,K5,5,11,n,5
MB,A6,6,1,s,MB_5
MB,B6,6,2,n,80
MB,C6,6,3,n,-5
MB,D6,6,4,n,15
MB,E6,6,5,s,3-7
MB,F6,6,6,s,"3,7"
MB,G6,6,7,n,3
MB,I6,6,9,s,3-7
MB,K6,6,11,n,5
MB,A7,7,1,s,MB_6
MB,B7,7,2,n,80
MB,C7,7,3,n,-5
MB,D7,7,4,n,25
MB,E7,7,5,s,3-7
MB,F7,7,6,s,"3,7"
MB,G7,7,7,n,3
MB,I7,7,9,s,3-7
MB,K7,7,11,n,5
MB,A8,8,1,s,MB_7
MB,B8,8,2,n,80
MB,C8,8,3,n,-8
MB,D8,8,4,n,5
MB,E8,8,5,s,3-7
MB,F8,8,6,s,"3,7"
MB,G8,8,7,n,3
MB,I8,8,9,s,3-7
MB,K8,8,11,n,5
MB,A9,9,1,s,MB_8
MB,B9,9,2,n,80
MB,C9,9,3,n,-8
MB,D9,9,4,n,15
MB,E9,9,5,s,3-7
MB,F9,9,6,s,"3,7"
MB,G9,9,7,n,3
MB,I9,9,9,s,3-7
MB,K9,9,11,n,5
MB,A10,10,1,s,MB_9
MB,B10,10,2,n,80
MB,C10,10,3,n,-8
MB,D10,10,4,n,25
MB,E10,10,5,s,3-7
MB,F10,10,6,s,"3,7"
MB,G10,10,7,n,3
MB,I10,10,9,s,3-7
MB,K10,10,11,n,5
MB,A11,11,1,s,MB_10
MB,B11,11,2,n,100
MB,C11,11,3,n,-2
MB,D11,11,4,n,5
MB,E11,11,5,s,2-6
MB,F11,11,6,s,"2,6"
MB,G11,11,7,n,3
MB,I11,11,9,s,2-6
MB,K11,11,11,n,5
MB,A12,12,1,s,MB_11
MB,B12,12,2,n,100
MB,C12,12,3,n,-2
MB,D12,12,4,n,15
MB,E12,12,5,s,2-6
MB,F12,12,6,s,"2,6"
MB,G12,12,7,n,3
MB,I12,12,9,s,2-6
MB,K12,12,11,n,5
MB,A13,13,1,s,MB_12
MB,B13,13,2,n,100
MB,C13,13,3,n,-2
MB,D13,13,4,n,25
MB,E13,13,5,s,2-6
MB,F13,13,6,s,"2,6"
MB,G13,13,7,n,3
MB,I13,13,9,s,2-6
MB,K13,13,11,n,5
MB,A14,14,1,s,MB_13
MB,B14,14,2,n,100
MB,C14,14,3,n,-5
MB,D14,14,4,n,5
MB,E14,14,5,s,2-6
MB,F14,14,6,s,"2,6"
MB,G14,14,7,n,3
MB,I14,14,9,s,2-6
MB,K14,14,11,n,5
MB,A15,15,1,s,MB_14
MB,B15,15,2,n,100
MB,C15,15,3,n,-5
MB,D15,15,4,n,15
MB,E15,15,5,s,2-6
MB,F15,15,6,s,"2,6"
MB,G15,15,7,n,3
MB,I15,15,9,s,2-6
MB,K15,15,11,n,5
MB,A16,16,1,s,MB_15
MB,B16,16,2,n,100
MB,C16,16,3,n,-5
MB,D16,16,4,n,25
MB,E16,16,5,s,2-6
MB,F16,16,6,s,"2,6"
MB,G16,16,7,n,3
MB,I16,16,9,s,2-6
MB,K16,16,11,n,5
MB,A17,17,1,s,MB_16
MB,B17,17,2,n,100
MB,C17,17,3,n,-8
MB,D17,17,4,n,5
MB,E17,17,5,s,2-6
MB,F17,17,6,s,"2,6"
MB,G17,17,7,n,3
MB,I17,17,9,s,2-6
MB,K17,17,11,n,5
MB,A18,18,1,s,MB_17
MB,B18,18,2,n,100
MB,C18,18,3,n,-8
MB,D18,18,4,n,15
MB,E18,18,5,s,2-6
MB,F18,18,6,s,"2,6"
MB,G18,18,7,n,3
MB,I18,18,9,s,2-6
MB,K18,18,11,n,5
MB,A19,19,1,s,MB_18
MB,B19,19,2,n,100
MB,C19,19,3,n,-8
MB,D19,19,4,n,25
MB,E19,19,5,s,2-6
MB,F19,19,6,s,"2,6"
MB,G19,19,7,n,3
MB,I19,19,9,s,2-6
MB,K19,19,11,n,5
MB,A20,20,1,s,MB_19
MB,B20,20,2,n,120
MB,C20,20,3,n,-2
MB,D20,20,4,n,5
MB,E20,20,5,s,1-5
MB,F20,20,6,n,1
MB,G20,20,7,n,4
MB,I20,20,9,s,1-5
MB,K20,20,11,n,5
MB,A21,21,1,s,MB_20
MB,B21,21,2,n,120
MB,C21,21,3,n,-2
MB,D21,21,4,n,15
MB,E21,21,5,s,1-5
MB,F21,21,6,n,1
MB,G21,21,7,n,4
MB,I21,21,9,s,1-5
MB,K21,21,11,n,5
MB,A22,22,1,s,MB_21
MB,B22,22,2,n,120
MB,C22,22,3,n,-2
MB,D22,22,4,n,25
MB,E22,22,5,s,1-5
MB,F22,22,6,n,1
MB,G22,22,7,n,4
MB,I22,22,9,s,1-5
MB,K22,22,11,n,5
MB,A23,23,1,s,MB_22
MB,B23,23,2,n,120
MB,C23,23,3,n,-5
MB,D23,23,4,n,5
MB,E23,23,5,s,1-5
MB,F23,23,6,n,1
MB,G23,23,7,n,4
MB,I23,23,9,s,1-5
MB,K23,23,11,n,5
MB,A24,24,1,s,MB_23
MB,B24,24,2,n,120
MB,C24,24,3,n,-5
MB,D24,24,4,n,15
MB,E24,24,5,s,1-5
MB,F24,24,6,n,1
MB,G24,24,7,n,4
MB,I24,24,9,s,1-5
MB,K24,24,11,n,5
MB,A25,25,1,s,MB_24
MB,B25,25,2,n,120
MB,C25,25,3,n,-5
MB,D25,25,4,n,25
MB,E25,25,5,s,1-5
MB,F25,25,6,n,1
MB,G25,25,7,n,4
MB,I25,25,9,s,1-5
MB,K25,25,11,n,5
MB,A26,26,1,s,MB_25
MB,B26,26,2,n,120
MB,C26,26,3,n,-8
MB,D26,26,4,n,5
MB,E26,26,5,s,1-5
MB,F26,26,6,n,1
MB,G26,26,7,n,4
MB,I26,26,9,s,1-5
MB,K26,26,11,n,5
MB,A27,27,1,s,MB_26
MB,B27,27,2,n,120
MB,C27,27,3,n,-8
MB,D27,27,4,n,15
MB,E27,27,5,s,1-5
MB,F27,27,6,n,1
MB,G27,27,7,n,4
MB,I27,27,9,s,1-5
MB,K27,27,11,n,5
MB,A28,28,1,s,MB_27
MB,B28,28,2,n,120
MB,C28,28,3,n,-8
MB,D28,28,4,n,25
MB,E28,28,5,s,1-5
MB,F28,28,6,n,1
MB,G28,28,7,n,4
MB,I28,28,9,s,1-5
MB,K28,28,11,n,5
HB,A1,1,1,s,name
HB,B1,1,2,s,speed(km/h)
HB,C1,1,3,s,braking intensity (m/s2)
HB,D1,1,4,s,initial braking distance (m)
HB,E1,1,5,s,segments to keep
HB,F1,1,6,s,delete
HB,G1,1,7,s,The number of video clips left
HB,I1,1,9,s,Final keep for pilot 1
HB,A2,2,1,s,HB_1
HB,B2,2,2,n,80
HB,C2,2,3,n,-2
HB,D2,2,4,n,5
HB,E2,2,5,s,2-6
HB,F2,2,6,s,"2,3"
HB,G2,2,7,n,3
HB,I2,2,9,s,2-6
HB,K2,2,11,n,5
HB,A3,3,1,s,HB_2
HB,B3,3,2,n,80
HB,C3,3,3,n,-2
HB,D3,3,4,n,15
HB,E3,3,5,s,2-6
HB,F3,3,6,s,"2,3"
HB,G3,3,7,n,3
HB,I3,3,9,s,2-6
HB,K3,3,11,n,5
HB,A4,4,1,s,HB_3
HB,B4,4,2,n,80
HB,C4,4,3,n,-2
HB,D4,4,4,n,25
HB,E4,4,5,s,2-6
HB,F4,4,6,s,"2,3"
HB,G4,4,7,n,3
HB,I4,4,9,s,2-6
HB,K4,4,11,n,5
HB,A5,5,1,s,HB_4
HB,B5,5,2,n,80
HB,C5,5,3,n,-5
HB,D5,5,4,n,5
HB,E5,5,5,s,2-6
HB,F5,5,6,s,"2,3"
HB,G5,5,7,n,3
HB,I5,5,9,s,2-6
HB,K5,5,11,n,5
HB,A6,6,1,s,HB_5
HB,B6,6,2,n,80
HB,C6,6,3,n,-5
HB,D6,6,4,n,15
HB,E6,6,5,s,2-6
HB,F6,6,6,s,"2,3"
HB,G6,6,7,n,3
HB,I6,6,9,s,2-6
HB,K6,6,11,n,5
HB,A7,7,1,s,HB_6
HB,B7,7,2,n,80
HB,C7,7,3,n,-5
HB,D7,7,4,n,25
HB,E7,7,5,s,2-6
HB,F7,7,6,s,"2,3"
HB,G7,7,7,n,3
HB,I7,7,9,s,2-6
HB,K7,7,11,n,5
HB,A8,8,1,s,HB_7
HB,B8,8,2,n,80
HB,C8,8,3,n,-8
HB,D8,8,4,n,5
HB,E8,8,5,s,2-6
HB,F8,8,6,s,"2,3"
HB,G8,8,7,n,3
HB,I8,8,9,s,2-6
HB,K8,8,11,n,5
HB,A9,9,1,s,HB_8
HB,B9,9,2,n,80
HB,C9,9,3,n,-8
HB,D9,9,4,n,15
HB,E9,9,5,s,2-6
HB,F9,9,6,s,"2,3"
HB,G9,9,7,n,3
HB,I9,9,9,s,2-6
HB,K9,9,11,n,5
HB,A10,10,1,s,HB_9
HB,B10,10,2,n,80
HB,C10,10,3,n,-8
HB,D10,10,4,n,25
HB,E10,10,5,s,2-6
HB,F10,10,6,s,"2,3"
HB,G10,10,7,n,3
HB,I10,10,9,s,2-6
HB,K10,10,11,n,5
HB,A11,11,1,s,HB_10
HB,B11,11,2,n,100
HB,C11,11,3,n,-2
HB,D11,11,4,n,5
HB,E11,11,5,s,2-6
HB,F11,11,6,s,"2,3"
HB,G11,11,7,n,3
HB,I11,11,9,s,2-6
HB,K11,11,11,n,5
HB,A12,12,1,s,HB_11
HB,B12,12,2,n,100
HB,C12,12,3,n,-2
HB,D12,12,4,n,15
HB,E12,12,5,s,2-6
HB,F12,12,6,s,"2,3"
HB,G12,12,7,n,3
HB,I12,12,9,s,2-6
HB,K12,12,11,n,5
HB,A13,13,1,s,HB_12
HB,B13,13,2,n,100
HB,C13,13,3,n,-2
HB,D13,13,4,n,25
HB,E13,13,5,s,2-6
HB,F13,13,6,s,"2,3"
HB,G13,13,7,n,3
HB,I13,13,9,s,2-6
HB,K13,13,11,n,5
HB,A14,14,1,s,HB_13
HB,B14,14,2,n,100
HB,C14,14,3,n,-5
HB,D14,14,4,n,5
HB,E14,14,5,s,2-6
HB,F14,14,6,s,"2,3"
HB,G14,14,7,n,3
HB,I14,14,9,s,2-6
HB,K14,14,11,n,5
HB,A15,15,1,s,HB_14
HB,B15,15,2,n,100
HB,C15,15,3,n,-5
HB,D15,15,4,n,15
HB,E15,15,5,s,2-6
HB,F15,15,6,s,"2,3"
HB,G15,15,7,n,3
HB,I15,15,9,s,2-6
HB,K15,15,11,n,5
HB,A16,16,1,s,HB_15
HB,B16,16,2,n,100
HB,C16,16,3,n,-5
HB,D16,16,4,n,25
HB,E16,16,5,s,2-6
HB,F16,16,6,s,"2,3"
HB,G16,16,7,n,3
HB,I16,16,9,s,2-6
HB,K16,16,11,n,5
HB,A17,17,1,s,HB_16
HB,B17,17,2,n,100
HB,C17,17,3,n,-8
HB,D17,17,4,n,5
HB,E17,17,5,s,2-6
HB,F17,17,6,s,"2,3"
HB,G17,17,7,n,3
HB,I17,17,9,s,2-6
HB,K17,17,11,n,5
HB,A18,18,1,s,HB_17
HB,B18,18,2,n,100
HB,C18,18,3,n,-8
HB,D18,18,4,n,15
HB,E18,18,5,s,2-6
HB,F18,18,6,s,"2,3"
HB,G18,18,7,n,3
HB,I18,18,9,s,2-6
HB,K18,18,11,n,5
HB,A19,19,1,s,HB_18
HB,B19,19,2,n,100
HB,C19,19,3,n,-8
HB,D19,19,4,n,25
HB,E19,19,5,s,2-6
HB,F19,19,6,s,"2,3"
HB,G19,19,7,n,3
HB,I19,19,9,s,2-6
HB,K19,19,11,n,5
HB,A20,20,1,s,HB_19
HB,B20,20,2,n,120
HB,C20,20,3,n,-2
HB,D20,20,4,n,5
HB,E20,20,5,s,2-6
HB,F20,20,6,s,"2,3"
HB,G20,20,7,n,3
HB,I20,20,9,s,2-6
HB,K20,20,11,n,5
HB,A21,21,1,s,HB_20
HB,B21,21,2,n,120
HB,C21,21,3,n,-2
HB,D21,21,4,n,15
HB,E21,21,5,s,2-6
HB,F21,21,6,s,"2,3"
HB,G21,21,7,n,3
HB,I21,21,9,s,2-6
HB,K21,21,11,n,5
HB,A22,22,1,s,HB_21
HB,B22,22,2,n,120
HB,C22,22,3,n,-2
HB,D22,22,4,n,25
HB,E22,22,5,s,2-6
HB,F22,22,6,s,"2,3"
HB,G22,22,7,n,3
HB,I22,22,9,s,2-6
HB,K22,22,11,n,5
HB,A23,23,1,s,HB_22
HB,B23,23,2,n,120
HB,C23,23,3,n,-5
HB,D23,23,4,n,5
HB,E23,23,5,s,2-6
HB,F23,23,6,s,"2,3"
HB,G23,23,7,n,3
HB,I23,23,9,s,2-6
HB,K23,23,11,n,5
HB,A24,24,1,s,HB_23
HB,B24,24,2,n,120
HB,C24,24,3,n,-5
HB,D24,24,4,n,15
HB,E24,24,5,s,2-6
HB,F24,24,6,s,"2,3"
HB,G24,24,7,n,3
HB,I24,24,9,s,2-6
HB,K24,24,11,n,5
HB,A25,25,1,s,HB_24
HB,B25,25,2,n,120
HB,C25,25,3,n,-5
HB,D25,25,4,n,25
HB,E25,25,5,s,2-6
HB,F25,25,6,s,"2,3"
HB,G25,25,7,n,3
HB,I25,25,9,s,2-6
HB,K25,25,11,n,5
HB,A26,26,1,s,HB_25
HB,B26,26,2,n,120
HB,C26,26,3,n,-8
HB,D26,26,4,n,5
HB,E26,26,5,s,2-6
HB,F26,26,6,s,"2,3"
HB,G26,26,7,n,3
HB,I26,26,9,s,2-6
HB,K26,26,11,n,5
HB,A27,27,1,s,HB_26
HB,B27,27,2,n,120
HB,C27,27,3,n,-8
HB,D27,27,4,n,15
HB,E27,27,5,s,2-6
HB,F27,27,6,s,"2,3"
HB,G27,27,7,n,3
HB,I27,27,9,s,2-6
HB,K27,27,11,n,5
HB,A28,28,1,s,HB_27
HB,B28,28,2,n,120
HB,C28,28,3,n,-8
HB,D28,28,4,n,25
HB,E28,28,5,s,2-6
HB,F28,28,6,s,"2,3"
HB,G28,28,7,n,3
HB,I28,28,9,s,2-6
HB,K28,28,11,n,5
AMB,A1,1,1,s,name
AMB,B1,1,2,s,speed(km/h)
AMB,C1,1,3,s,braking intensity of the leading vehicle (m/s2)
AMB,D1,1,4,s,ego vehicle merging distance (m)
AMB,E1,1,5,s,Segments to be kept
AMB,F1,1,6,s,delete
AMB,G1,1,7,s,The number of video clips left
AMB,I1,1,9,s,Final keep for pilot 1
AMB,A2,2,1,s,AMB_1
AMB,B2,2,2,n,80
AMB,C2,2,3,n,-2
AMB,D2,2,4,n,5
AMB,E2,2,5,s,4-8
AMB,F2,2,6,s,"4,5"
AMB,G2,2,7,n,3
AMB,I2,2,9,s,4-8
AMB,K2,2,11,n,5
AMB,A3,3,1,s,AMB_2
AMB,B3,3,2,n,80
AMB,C3,3,3,n,-2
AMB,D3,3,4,n,15
AMB,E3,3,5,s,4-8
AMB,F3,3,6,s,"4,5"
AMB,G3,3,7,n,3
AMB,I3,3,9,s,4-8
AMB,K3,3,11,n,5
AMB,A4,4,1,s,AMB_3
AMB,B4,4,2,n,80
AMB,C4,4,3,n,-2
AMB,D4,4,4,n,25
AMB,E4,4,5,s,4-8
AMB,F4,4,6,s,"4,5"
AMB,G4,4,7,n,3
AMB,I4,4,9,s,4-8
AMB,K4,4,11,n,5
AMB,A5,5,1,s,AMB_4
AMB,B5,5,2,n,80
AMB,C5,5,3,n,-5
AMB,D5,5,4,n,5
AMB,E5,5,5,s,4-8
AMB,F5,5,6,s,"4,5"
AMB,G5,5,7,n,3
AMB,I5,5,9,s,4-8
AMB,K5,5,11,n,5
AMB,A6,6,1,s,AMB_5
AMB,B6,6,2,n,80
AMB,C6,6,3,n,-5
AMB,D6,6,4,n,15
AMB,E6,6,5,s,4-8
AMB,F6,6,6,s,"4,5"
AMB,G6,6,7,n,3
AMB,I6,6,9,s,4-8
AMB,K6,6,11,n,5
AMB,A7,7,1,s,AMB_6
AMB,B7,7,2,n,80
AMB,C7,7,3,n,-5
AMB,D7,7,4,n,25
AMB,E7,7,5,s,4-8
AMB,F7,7,6,s,"4,5"
AMB,G7,7,7,n,3
AMB,I7,7,9,s,4-8
AMB,K7,7,11,n,5
AMB,A8,8,1,s,AMB_7
AMB,B8,8,2,n,80
AMB,C8,8,3,n,-8
AMB,D8,8,4,n,5
AMB,E8,8,5,s,4-8
AMB,F8,8,6,s,"4,5"
AMB,G8,8,7,n,3
AMB,I8,8,9,s,4-8
AMB,K8,8,11,n,5
AMB,A9,9,1,s,AMB_8
AMB,B9,9,2,n,80
AMB,C9,9,3,n,-8
AMB,D9,9,4,n,15
AMB,E9,9,5,s,4-8
AMB,F9,9,6,s,"4,5"
AMB,G9,9,7,n,3
AMB,I9,9,9,s,4-8
AMB,K9,9,11,n,5
AMB,A10,10,1,s,AMB_9
AMB,B10,10,2,n,80
AMB,C10,10,3,n,-8
AMB,D10,10,4,n,25
AMB,E10,10,5,s,4-8
AMB,F10,10,6,s,"4,5"
AMB,G10,10,7,n,3
AMB,I10,10,9,s,4-8
AMB,K10,10,11,n,5
AMB,A11,11,1,s,AMB_10
AMB,B11,11,2,n,100
AMB,C11,11,3,n,-2
AMB,D11,11,4,n,5
AMB,E11,11,5,s,4-8
AMB,F11,11,6,s,"4,5"
AMB,G11,11,7,n,3
AMB,I11,11,9,s,4-8
AMB,K11,11,11,n,5
AMB,A12,12,1,s,AMB_11
AMB,B12,12,2,n,100
AMB,C12,12,3,n,-2
AMB,D12,12,4,n,15
AMB,E12,12,5,s,4-8
AMB,F12,12,6,s,"4,5"
AMB,G12,12,7,n,3
AMB,I12,12,9,s,4-8
AMB,K12,12,11,n,5
AMB,A13,13,1,s,AMB_12
AMB,B13,13,2,n,100
AMB,C13,13,3,n,-2
AMB,D13,13,4,n,25
AMB,E13,13,5,s,4-8
AMB,F13,13,6,s,"4,5"
AMB,G13,13,7,n,3
AMB,I13,13,9,s,4-8
AMB,K13,13,11,n,5
AMB,A14,14,1,s,AMB_13
AMB,B14,14,2,n,100
AMB,C14,14,3,n,-5
AMB,D14,14,4,n,5
AMB,E14,14,5,s,4-8
AMB,F14,14,6,s,"4,5"
AMB,G14,14,7,n,3
AMB,I14,14,9,s,4-8
AMB,K14,14,11,n,5
AMB,A15,15,1,s,AMB_14
AMB,B15,15,2,n,100
AMB,C15,15,3,n,-5
AMB,D15,15,4,n,15
AMB,E15,15,5,s,4-8
AMB,F15,15,6,s,"4,5"
AMB,G15,15,7,n,3
AMB,I15,15,9,s,4-8
AMB,K15,15,11,n,5
AMB,A16,16,1,s,AMB_15
AMB,B16,16,2,n,100
AMB,C16,16,3,n,-5
AMB,D16,16,4,n,25
AMB,E16,16,5,s,4-8
AMB,F16,16,6,s,"4,5"
AMB,G16,16,7,n,3
AMB,I16,16,9,s,4-8
AMB,K16,16,11,n,5
AMB,A17,17,1,s,AMB_16
AMB,B17,17,2,n,100
AMB,C17,17,3,n,-8
AMB,D17,17,4,n,5
AMB,E17,17,5,s,4-8
AMB,F17,17,6,s,"4,5"
AMB,G17,17,7,n,3
AMB,I17,17,9,s,4-8
AMB,K17,17,11,n,5
AMB,A18,18,1,s,AMB_17
AMB,B18,18,2,n,100
AMB,C18,18,3,n,-8
AMB,D18,18,4,n,15
AMB,E18,18,5,s,4-8
AMB,F18,18,6,s,"4,5"
AMB,G18,18,7,n,3
AMB,I18,18,9,s,4-8
AMB,K18,18,11,n,5
AMB,A19,19,1,s,AMB_18
AMB,B19,19,2,n,100
AMB,C19,19,3,n,-8
AMB,D19,19,4,n,25
AMB,E19,19,5,s,4-8
AMB,F19,19,6,s,"4,5"
AMB,G19,19,7,n,3
AMB,I19,19,9,s,4-8
AMB,K19,19,11,n,5
AMB,A20,20,1,s,AMB_19
AMB,B20,20,2,n,120
AMB,C20,20,3,n,-2
AMB,D20,20,4,n,5
AMB,E20,20,5,s,4-8
AMB,F20,20,6,s,"4,5"
AMB,G20,20,7,n,3
AMB,I20,20,9,s,4-8
AMB,K20,20,11,n,5
AMB,A21,21,1,s,AMB_20
AMB,B21,21,2,n,120
AMB,C21,21,3,n,-2
AMB,D21,21,4,n,15
AMB,E21,21,5,s,4-8
AMB,F21,21,6,s,"4,5"
AMB,G21,21,7,n,3
AMB,I21,21,9,s,4-8
AMB,K21,21,11,n,5
AMB,A22,22,1,s,AMB_21
AMB,B22,22,2,n,120
AMB,C22,22,3,n,-2
AMB,D22,22,4,n,25
AMB,E22,22,5,s,4-8
AMB,F22,22,6,s,"4,5"
AMB,G22,22,7,n,3
AMB,I22,22,9,s,4-8
AMB,K22,22,11,n,5
AMB,A23,23,1,s,AMB_22
AMB,B23,23,2,n,120
AMB,C23,23,3,n,-5
AMB,D23,23,4,n,5
AMB,E23,23,5,s,4-8
AMB,F23,23,6,s,"4,5"
AMB,G23,23,7,n,3
AMB,I23,23,9,s,4-8
AMB,K23,23,11,n,5
AMB,A24,24,1,s,AMB_23
AMB,B24,24,2,n,120
AMB,C24,24,3,n,-5
AMB,D24,24,4,n,15
AMB,E24,24,5,s,4-8
AMB,F24,24,6,s,"4,5"
AMB,G24,24,7,n,3
AMB,I24,24,9,s,4-8
AMB,K24,24,11,n,5
AMB,A25,25,1,s,AMB_24
AMB,B25,25,2,n,120
AMB,C25,25,3,n,-5
AMB,D25,25,4,n,25
AMB,E25,25,5,s,4-8
AMB,F25,25,6,s,"4,5"
AMB,G25,25,7,n,3
AMB,I25,25,9,s,4-8
AMB,K25,25,11,n,5
AMB,A26,26,1,s,AMB_25
AMB,B26,26,2,n,120
AMB,C26,26,3,n,-8
AMB,D26,26,4,n,5
AMB,E26,26,5,s,4-8
AMB,F26,26,6,s,"4,5"
AMB,G26,26,7,n,3
AMB,I26,26,9,s,4-8
AMB,K26,26,11,n,5
AMB,A27,27,1,s,AMB_26
AMB,B27,27,2,n,120
AMB,C27,27,3,n,-8
AMB,D27,27,4,n,15
AMB,E27,27,5,s,4-8
AMB,F27,27,6,s,"4,5"
AMB,G27,27,7,n,3
AMB,I27,27,9,s,4-8
AMB,K27,27,11,n,5
AMB,A28,28,1,s,AMB_27
AMB,B28,28,2,n,120
AMB,C28,28,3,n,-8
AMB,D28,28,4,n,25
AMB,E28,28,5,s,4-8
AMB,F28,28,6,s,"4,5"
AMB,G28,28,7,n,3
AMB,I28,28,9,s,4-8
AMB,K28,28,11,n,5
MAL,A1,1,1,s,name
MAL,B1,1,2,s,lateral categories
MAL,C1,1,3,s,ACC categories
MAL,D1,1,4,s,neighbour vehicle merging distance (m)
MAL,F1,1,6,s,segments to keep
MAL,I1,1,9,s,delete
MAL,K1,1,11,s,Final keep for pilot 1
MAL,A2,2,1,s,MAL_1
MAL,B2,2,2,s,1m/s
MAL,C2,2,3,s,cautious
MAL,D2,2,4,n,5
MAL,F2,2,6,s,3-10
MAL,I2,2,9,s,"9,10"
MAL,K2,2,11,s,3~8
MAL,M2,2,13,n,6
MAL,A3,3,1,s,MAL_2
MAL,B3,3,2,s,1m/s
MAL,C3,3,3,s,cautious
MAL,D3,3,4,n,15
MAL,F3,3,6,s,3-10
MAL,G3,3,7,s,xxxxxx
MAL,H3,3,8,s,8th is broken
MAL,I3,3,9,s,"9,10"
MAL,K3,3,11,s,3~8
MAL,M3,3,13,n,6
MAL,A4,4,1,s,MAL_3
MAL,B4,4,2,s,1m/s
MAL,C4,4,3,s,mild
MAL,D4,4,4,n,5
MAL,F4,4,6,s,3-10
MAL,I4,4,9,s,"9,10"
MAL,K4,4,11,s,3~8
MAL,M4,4,13,n,6
MAL,A5,5,1,s,MAL_4
MAL,B5,5,2,s,1m/s
MAL,C5,5,3,s,mild
MAL,D5,5,4,n,15
MAL,F5,5,6,s,3-10
MAL,I5,5,9,s,"9,10"
MAL,K5,5,11,s,3~8
MAL,M5,5,13,n,6
MAL,A6,6,1,s,MAL_5
MAL,B6,6,2,s,1m/s
MAL,C6,6,3,s,aggressive
MAL,D6,6,4,n,5
MAL,F6,6,6,s,3-10
MAL,I6,6,9,s,"9,10"
MAL,K6,6,11,s,3~8
MAL,M6,6,13,n,6
MAL,A7,7,1,s,MAL_6
MAL,B7,7,2,s,1m/s
MAL,C7,7,3,s,aggressive
MAL,D7,7,4,n,15
MAL,F7,7,6,s,3-10
MAL,I7,7,9,s,"9,10"
MAL,K7,7,11,s,3~8
MAL,M7,7,13,n,6
MAL,A8,8,1,s,MAL_7
MAL,B8,8,2,s,3m/s
MAL,C8,8,3,s,cautious
MAL,D8,8,4,n,5
MAL,F8,8,6,s,3-10
MAL,I8,8,9,s,"9,10"
MAL,K8,8,11,s,3~8
MAL,M8,8,13,n,6
MAL,A9,9,1,s,MAL_8
MAL,B9,9,2,s,3m/s
MAL,C9,9,3,s,cautious
MAL,D9,9,4,n,15
MAL,F9,9,6,s,3-10
MAL,I9,9,9,s,"9,10"
MAL,K9,9,11,s,3~8
MAL,M9,9,13,n,6
MAL,A10,10,1,s,MAL_9
MAL,B10,10,2,s,3m/s
MAL,C10,10,3,s,mild
MAL,D10,10,4,n,5
MAL,F10,10,6,s,3-10
MAL,I10,10,9,s,"9,10"
MAL,K10,10,11,s,3~8
MAL,M10,10,13,n,6
MAL,A11,11,1,s,MAL_10
MAL,B11,11,2,s,3m/s
MAL,C11,11,3,s,mild
MAL,D11,11,4,n,15
MAL,F11,11,6,s,3-10
MAL,I11,11,9,s,"9,10"
MAL,K11,11,11,s,3~8
MAL,M11,11,13,n,6
MAL,A12,12,1,s,MAL_11
MAL,B12,12,2,s,3m/s
MAL,C12,12,3,s,aggressive
MAL,D12,12,4,n,5
MAL,F12,12,6,s,3-10
MAL,I12,12,9,s,"9,10"
MAL,K12,12,11,s,3~8
MAL,M12,12,13,n,6
MAL,A13,13,1,s,MAL_12
MAL,B13,13,2,s,3m/s
MAL,C13,13,3,s,aggressive
MAL,D13,13,4,n,15
MAL,F13,13,6,s,3-10
MAL,I13,13,9,s,"9,10"
MAL,K13,13,11,s,3~8
MAL,M13,13,13,n,6
MAL,A14,14,1,s,MAL_13
MAL,B14,14,2,s,Fragmented
MAL,C14,14,3,s,cautious
MAL,D14,14,4,n,5
MAL,E14,14,5,s,1m/s
MAL,F14,14,6,s,3-10
MAL,I14,14,9,s,"9,10"
MAL,K14,14,11,s,3~8
MAL,M14,14,13,n,6
MAL,A15,15,1,s,MAL_14
MAL,B15,15,2,s,Fragmented
MAL,C15,15,3,s,cautious
MAL,D15,15,4,n,15
MAL,F15,15,6,s,3-10
MAL,I15,15,9,s,"9,10"
MAL,K15,15,11,s,3~8
MAL,M15,15,13,n,6
MAL,A16,16,1,s,MAL_15
MAL,B16,16,2,s,Fragmented
MAL,C16,16,3,s,mild
MAL,D16,16,4,n,5
MAL,F16,16,6,s,3-10
MAL,I16,16,9,s,"9,10"
MAL,K16,16,11,s,3~8
MAL,M16,16,13,n,6
MAL,A17,17,1,s,MAL_16
MAL,B17,17,2,s,Fragmented
MAL,C17,17,3,s,mild
MAL,D17,17,4,n,15
MAL,F17,17,6,s,3-10
MAL,I17,17,9,s,"9,10"
MAL,K17,17,11,s,3~8
MAL,M17,17,13,n,6
MAL,A18,18,1,s,MAL_17
MAL,B18,18,2,s,Fragmented
MAL,C18,18,3,s,aggressive
MAL,D18,18,4,n,5
MAL,F18,18,6,s,3-10
MAL,I18,18,9,s,"9,10"
MAL,K18,18,11,s,3~8
MAL,M18,18,13,n,6
MAL,A19,19,1,s,MAL_18
MAL,B19,19,2,s,Fragmented
MAL,C19,19,3,s,aggressive
MAL,D19,19,4,n,15
MAL,F19,19,6,s,3-10
MAL,I19,19,9,s,"9,10"
MAL,K19,19,11,s,3~8
MAL,M19,19,13,n,6
MAL,A20,20,1,s,MAL_19
MAL,B20,20,2,s,Abortion
MAL,C20,20,3,s,cautious
MAL,D20,20,4,n,5
MAL,E20,20,5,s,1m/s
MAL,F20,20,6,s,3-9
MAL,I20,20,9,n,9
MAL,K20,20,11,s,3~8
MAL,M20,20,13,n,6
MAL,A21,21,1,s,MAL_20
MAL,B21,21,2,s,Abortion
MAL,C21,21,3,s,cautious
MAL,D21,21,4,n,15
MAL,F21,21,6,s,3-9
MAL,I21,21,9,n,9
MAL,K21,21,11,s,3~8
MAL,M21,21,13,n,6
MAL,A22,22,1,s,MAL_21
MAL,B22,22,2,s,Abortion
MAL,C22,22,3,s,mild
MAL,D22,22,4,n,5
MAL,F22,22,6,s,3-9
MAL,I22,22,9,n,9
MAL,K22,22,11,s,3~8
MAL,M22,22,13,n,6
MAL,A23,23,1,s,MAL_22
MAL,B23,23,2,s,Abortion
MAL,C23,23,3,s,mild
MAL,D23,23,4,n,15
MAL,F23,23,6,s,3-9
MAL,I23,23,9,n,9
MAL,K23,23,11,s,3~8
MAL,M23,23,13,n,6
MAL,A24,24,1,s,MAL_23
MAL,B24,24,2,s,Abortion
MAL,C24,24,3,s,aggressive
MAL,D24,24,4,n,5
MAL,F24,24,6,s,3-9
MAL,I24,24,9,n,9
MAL,K24,24,11,s,3~8
MAL,M24,24,13,n,6
MAL,A25,25,1,s,MAL_24
MAL,B25,25,2,s,Abortion
MAL,C25,25,3,s,aggressive
MAL,D25,25,4,n,15
MAL,F25,25,6,s,3-9
MAL,I25,25,9,n,9
MAL,K25,25,11,s,3~8
MAL,M25,25,13,n,6
